日期,最高温,最低温,天气,风力风向,空气质量指数

2022-01-01 周六,19°,10°,多云,东北风2级,64 良
2022-01-02 周日,23°,12°,多云,北风2级,62 良
2022-01-03 周一,25°,12°,多云,东风1级,74 良
2022-01-04 周二,25°,15°,晴~阴,东南风2级,88 良
2022-01-05 周三,24°,13°,多云,东北风1级,70 良
2022-01-06 周四,24°,11°,多云,东北风3级,60 良
2022-01-07 周五,22°,11°,晴~多云,东北风2级,47 优
2022-01-08 周六,22°,11°,晴~多云,东北风2级,47 优
2022-01-09 周日,18°,12°,多云,东北风2级,55 良
2022-01-10 周一,18°,11°,多云,东北风2级,39 优
2022-01-11 周二,17°,8°,晴,北风3级,24 优
2022-01-12 周三,15°,10°,多云,东北风2级,47 优
2022-01-13 周四,17°,10°,多云,东北风2级,56 良
2022-01-14 周五,15°,13°,多云,东风2级,67 良
2022-01-15 周六,19°,13°,多云,东北风1级,91 良
2022-01-16 周日,23°,13°,晴~阴,东南风1级,82 良
2022-01-17 周一,17°,12°,多云~小雨,北风3级,50 优
2022-01-18 周二,16°,12°,多云,北风3级,26 优
2022-01-19 周三,18°,10°,晴~多云,北风2级,26 优
2022-01-20 周四,21°,12°,多云~阴,东北风2级,34 优
2022-01-21 周五,23°,15°,多云~阴,东南风2级,67 良
2022-01-22 周六,21°,16°,多云~小雨,东风2级,57 良
2022-01-23 周日,21°,15°,多云~小雨,东北风1级,25 优
2022-01-24 周一,18°,14°,多云~阴,北风2级,30 优
2022-01-25 周二,19°,13°,阴~小雨,东北风2级,18 优
2022-01-26 周三,20°,16°,多云~小雨,东南风2级,29 优
2022-01-27 周四,26°,17°,多云~小雨,东南风2级,41 优
2022-01-28 周五,20°,12°,多云~阴,北风2级,32 优
2022-01-29 周六,14°,8°,多云~小雨,北风3级,20 优
2022-01-30 周日,14°,8°,多云,北风3级,15 优
2022-01-31 周一,9°,6°,小雨~中雨,东北风3级,21 优

2022-02-01 周二,11°,8°,中雨~小雨,北风3级,16 优
2022-02-02 周三,10°,7°,小雨~大雨,北风2级,12 优
2022-02-03 周四,10°,7°,小雨~多云,北风3级,11 优
2022-02-04 周五,15°,6°,多云,北风3级,31 优
2022-02-05 周六,13°,9°,多云,东北风3级,29 优
2022-02-06 周日,15°,11°,多云~大雨,东北风2级,24 优
2022-02-07 周一,15°,8°,小雨~阴,东北风2级,30 优
2022-02-08 周二,13°,9°,多云~阴,北风3级,11 优
2022-02-09 周三,11°,9°,多云~阴,北风2级,14 优
2022-02-10 周四,16°,8°,阴,东北风2级,17 优
2022-02-11 周五,22°,13°,多云~阴,北风1级,42 优
2022-02-12 周六,20°,15°,多云~小雨,北风2级,24 优
2022-02-13 周日,13°,9°,多云~小雨,北风3级,18 优
2022-02-14 周一,21°,10°,晴~多云,北风3级,18 优
2022-02-15 周二,21°,12°,多云~阴,东北风2级,28 优
2022-02-16 周三,20°,13°,多云~小雨,东南风2级,44 优
2022-02-17 周四,16°,13°,小雨~中雨,东南风2级,46 优
2022-02-18 周五,17°,10°,多云~小雨,东北风2级,31 优
2022-02-19 周六,9°,5°,中雨~大雨,北风4级,12 优
2022-02-20 周日,6°,4°,大雨,北风4级,14 优
2022-02-21 周一,7°,5°,中雨,北风3级,14 优
2022-02-22 周二,9°,6°,小雨~中雨,北风3级,14 优
2022-02-23 周三,14°,5°,多云,北风4级,15 优
2022-02-24 周四,16°,6°,多云~晴,北风3级,24 优
2022-02-25 周五,19°,8°,多云~晴,东北风2级,39 优
2022-02-26 周六,23°,10°,多云,北风1级,75 良
2022-02-27 周日,25°,13°,多云,东南风2级,100 良
2022-02-28 周一,25°,14°,阴~多云,东南风2级,42 优

2022-03-01 周二,27°,15°,阴~多云,西北风1级,54 良
2022-03-02 周三,27°,16°,多云,东北风2级,68 良
2022-03-03 周四,26°,17°,多云,东南风3级,53 良
2022-03-04 周五,28°,17°,多云,东南风2级,62 良
2022-03-05 周六,29°,17°,多云,东南风2级,78 良
2022-03-06 周日,25°,14°,多云~小雨,东南风3级,44 优
2022-03-07 周一,24°,12°,多云~晴,北风3级,35 优
2022-03-08 周二,24°,10°,晴,东北风3级,44 优
2022-03-09 周三,25°,12°,晴~多云,东南风2级,52 良
2022-03-10 周四,26°,15°,晴~多云,东南风2级,53 良
2022-03-11 周五,27°,16°,多云,东南风2级,56 良
2022-03-12 周六,28°,17°,多云,东南风3级,46 优
2022-03-13 周日,29°,18°,多云,东南风3级,48 优
2022-03-14 周一,30°,19°,多云,东南风2级,53 良
2022-03-15 周二,30°,19°,多云,东南风2级,82 良
2022-03-16 周三,26°,20°,多云~阵雨,东南风3级,32 优
2022-03-17 周四,29°,19°,多云~雷阵雨,南风2级,36 优
2022-03-18 周五,30°,20°,多云,北风2级,48 优
2022-03-19 周六,29°,21°,多云~阵雨,东南风3级,50 优
2022-03-20 周日,25°,22°,小雨~雷阵雨,东南风3级,34 优
2022-03-21 周一,27°,21°,多云~雷阵雨,东南风3级,41 优
2022-03-22 周二,29°,14°,多云~大雨,东南风3级,36 优
2022-03-23 周三,14°,13°,中雨,北风3级,12 优
2022-03-24 周四,16°,13°,中雨,东北风2级,20 优
2022-03-25 周五,23°,19°,暴雨~小雨,南风3级,35 优
2022-03-26 周六,31°,16°,大雨~小雨,西南风2级,33 优
2022-03-27 周日,22°,15°,多云~小雨,北风3级,21 优
2022-03-28 周一,16°,14°,小雨~阵雨,东北风3级,17 优
2022-03-29 周二,19°,18°,多云~中雨,东北风2级,26 优
2022-03-30 周三,27°,20°,雾~阴,东北风1级,54 良
2022-03-31 周四,30°,16°,多云~小雨,东北风1级,66 良

2022-04-01 周五,18°,12°,多云~小雨,北风4级,20 优
2022-04-02 周六,17°,12°,多云~阴,东北风4级,26 优
2022-04-03 周日,20°,10°,晴,东北风3级,38 优
2022-04-04 周一,26°,11°,晴,东北风2级,63 良
2022-04-05 周二,28°,15°,晴,西北风1级,79 良
2022-04-06 周三,30°,17°,多云~晴,东风2级,86 良
2022-04-07 周四,30°,16°,多云~晴,东北风2级,58 良
2022-04-08 周五,30°,16°,晴,西南风2级,66 良
2022-04-09 周六,30°,16°,晴,东南风2级,69 良
2022-04-10 周日,31°,17°,晴,南风2级,69 良
2022-04-11 周一,30°,18°,晴~多云,南风2级,46 优
2022-04-12 周二,30°,20°,多云,东南风3级,37 优
2022-04-13 周三,29°,19°,多云,西南风3级,35 优
2022-04-14 周四,30°,18°,阴~晴,北风3级,32 优
2022-04-15 周五,28°,20°,多云~小雨,东南风3级,41 优
2022-04-16 周六,24°,19°,多云~小雨,东南风3级,44 优
2022-04-17 周日,20°,17°,多云~小雨,东北风2级,27 优
2022-04-18 周一,16°,15°,小雨,北风3级,20 优
2022-04-19 周二,16°,15°,小雨,东北风2级,16 优
2022-04-20 周三,23°,17°,多云,东南风1级,35 优
2022-04-21 周四,28°,21°,多云,东南风2级,82 良
2022-04-22 周五,28°,22°,多云~阵雨,东南风3级,38 优
2022-04-23 周六,30°,23°,阴~雷阵雨,南风2级,35 优
2022-04-24 周日,29°,24°,多云~雷阵雨,东南风3级,28 优
2022-04-25 周一,32°,24°,多云~雷阵雨,南风3级,24 优
2022-04-26 周二,30°,24°,多云~雷阵雨,南风3级,35 优
2022-04-27 周三,32°,24°,多云,南风3级,34 优
2022-04-28 周四,31°,25°,小雨~雷阵雨,南风3级,31 优
2022-04-29 周五,30°,24°,多云~雷阵雨,南风2级,36 优
2022-04-30 周六,29°,16°,多云~中雨,东北风2级,44 优

2022-05-01 周日,17°,16°,大雨~小雨,北风3级,21 优
2022-05-02 周一,21°,16°,多云,东北风3级,25 优
2022-05-03 周二,26°,15°,多云~晴,东北风2级,40 优
2022-05-04 周三,29°,18°,多云,东北风2级,59 良
2022-05-05 周四,30°,19°,多云,东南风2级,76 良
2022-05-06 周五,30°,21°,多云~阵雨,东南风2级,68 良
2022-05-07 周六,26°,21°,中雨~雷阵雨,东南风2级,46 优
2022-05-08 周日,24°,22°,小雨~雷阵雨,东南风1级,41 优
2022-05-09 周一,28°,23°,多云~雷阵雨,东南风1级,47 优
2022-05-10 周二,27°,23°,小雨~暴雨,东南风3级,29 优
2022-05-11 周三,26°,22°,小雨~暴雨,东南风2级,16 优
2022-05-12 周四,27°,23°,大暴雨~暴雨,东风2级,21 优
2022-05-13 周五,24°,22°,大雨~中雨,北风2级,19 优
2022-05-14 周六,24°,19°,多云~中雨,东北风2级,21 优
2022-05-15 周日,24°,16°,小雨~中雨,东北风3级,15 优
2022-05-16 周一,22°,16°,多云,北风3级,24 优
2022-05-17 周二,28°,17°,多云,东北风2级,32 优
2022-05-18 周三,29°,19°,多云,东南风2级,64 良
2022-05-19 周四,30°,21°,多云,南风1级,73 良
2022-05-20 周五,32°,23°,多云~阵雨,南风2级,54 良
2022-05-21 周六,28°,24°,大暴雨~中雨,东南风1级,58 良
2022-05-22 周日,27°,24°,多云~大雨,东南风2级,43 优
2022-05-23 周一,26°,23°,多云~阴,东风2级,42 优
2022-05-24 周二,29°,24°,多云~雷阵雨,东风2级,47 优
2022-05-25 周三,29°,24°,多云~雷阵雨,东南风2级,32 优
2022-05-26 周四,31°,25°,多云~雷阵雨,南风2级,27 优
2022-05-27 周五,29°,24°,大雨~中雨,东南风2级,26 优
2022-05-28 周六,32°,25°,多云~雷阵雨,东南风3级,30 优
2022-05-29 周日,32°,25°,多云~雷阵雨,东南风3级,25 优
2022-05-30 周一,33°,25°,小雨~雷阵雨,东南风2级,22 优
2022-05-31 周二,31°,25°,阴~雷阵雨,东南风2级,25 优

2022-06-01 周三,31°,25°,多云~雷阵雨,南风2级,27 优
2022-06-02 周四,30°,26°,多云~雷阵雨,南风3级,27 优
2022-06-03 周五,32°,26°,中雨~雷阵雨,南风3级,25 优
2022-06-04 周六,32°,26°,阴~中雨,南风3级,31 优
2022-06-05 周日,32°,25°,多云~雷阵雨,西南风3级,29 优
2022-06-06 周一,32°,24°,小雨~大雨,西南风2级,28 优
2022-06-07 周二,27°,24°,大雨,东风1级,28 优
2022-06-08 周三,28°,24°,阴~中雨,东南风2级,24 优
2022-06-09 周四,26°,24°,暴雨~中雨,东南风2级,20 优
2022-06-10 周五,29°,25°,中雨,南风2级,18 优
2022-06-11 周六,27°,26°,阴~中雨,东南风2级,22 优
2022-06-12 周日,29°,26°,阴~雷阵雨,西南风2级,25 优
2022-06-13 周一,31°,24°,大雨~暴雨,西南风2级,30 优
2022-06-14 周二,27°,24°,中雨~大雨,东北风1级,24 优
2022-06-15 周三,30°,24°,多云~大雨,东南风1级,25 优
2022-06-16 周四,30°,24°,小雨~阵雨,东南风1级,26 优
2022-06-17 周五,31°,24°,多云~暴雨,南风3级,25 优
2022-06-18 周六,31°,25°,小雨~大雨,东南风3级,27 优
2022-06-19 周日,31°,25°,多云~雷阵雨,南风3级,32 优
2022-06-20 周一,30°,26°,小雨~雷阵雨,南风3级,31 优
2022-06-21 周二,29°,27°,多云~阴,东南风3级,35 优
2022-06-22 周三,33°,26°,多云,东南风3级,27 优
2022-06-23 周四,34°,26°,多云,东南风3级,31 优
2022-06-24 周五,34°,25°,多云,南风2级,28 优
2022-06-25 周六,32°,25°,多云,南风3级,27 优
2022-06-26 周日,34°,26°,多云,南风3级,23 优
2022-06-27 周一,33°,25°,多云,南风3级,28 优
2022-06-28 周二,34°,26°,多云,东南风3级,33 优
2022-06-29 周三,35°,26°,小雨~雷阵雨,东南风2级,38 优
2022-06-30 周四,32°,25°,多云~中雨,东风3级,24 优

2022-07-01 周五,32°,25°,多云~大雨,东北风3级,18 优
2022-07-02 周六,27°,25°,大雨,东风4级,14 优
2022-07-03 周日,29°,25°,暴雨~大雨,东南风4级,25 优
2022-07-04 周一,28°,26°,中雨~大雨,南风3级,25 优
2022-07-05 周二,30°,26°,多云~中雨,南风2级,31 优
2022-07-06 周三,30°,26°,多云~中雨,东南风2级,30 优
2022-07-07 周四,30°,26°,暴雨~雷阵雨,东南风2级,24 优
2022-07-08 周五,34°,26°,多云~雷阵雨,东南风2级,33 优
2022-07-09 周六,34°,26°,多云,东南风2级,36 优
2022-07-10 周日,36°,26°,多云,东南风2级,29 优
2022-07-11 周一,35°,26°,多云~晴,东南风2级,27 优
2022-07-12 周二,35°,26°,多云,东南风2级,36 优
2022-07-13 周三,36°,26°,多云~晴,东南风2级,44 优
2022-07-14 周四,35°,26°,晴~雷阵雨,南风2级,38 优
2022-07-15 周五,35°,26°,中雨~多云,西南风2级,24 优
2022-07-16 周六,35°,26°,多云~晴,西南风3级,30 优
2022-07-17 周日,35°,27°,多云~雷阵雨,西南风3级,31 优
2022-07-18 周一,35°,28°,多云~雷阵雨,南风3级,33 优
2022-07-19 周二,34°,27°,多云,东南风3级,31 优
2022-07-20 周三,35°,26°,多云~晴,东南风3级,20 优
2022-07-21 周四,35°,26°,多云~晴,东南风3级,24 优
2022-07-22 周五,37°,26°,晴,西南风2级,37 优
2022-07-23 周六,37°,27°,晴,西南风2级,59 良
2022-07-24 周日,38°,27°,晴,西南风2级,67 良
2022-07-25 周一,37°,27°,晴,南风2级,73 良
2022-07-26 周二,37°,28°,晴,东南风3级,67 良
2022-07-27 周三,37°,27°,多云~晴,南风2级,65 良
2022-07-28 周四,38°,27°,晴~多云,西南风2级,68 良
2022-07-29 周五,38°,27°,多云~晴,南风2级,73 良
2022-07-30 周六,36°,27°,多云~雷阵雨,东南风2级,49 优
2022-07-31 周日,36°,26°,晴~雷阵雨,西南风2级,81 良

2022-08-01 周一,36°,26°,多云~雷阵雨,南风2级,43 优
2022-08-02 周二,37°,25°,多云~中雨,南风2级,41 优
2022-08-03 周三,33°,25°,阴~暴雨,东南风2级,35 优
2022-08-04 周四,28°,25°,小雨~大雨,东风2级,24 优
2022-08-05 周五,31°,25°,多云~雷阵雨,东南风3级,18 优
2022-08-06 周六,33°,25°,多云~雷阵雨,东南风2级,25 优
2022-08-07 周日,34°,25°,多云,东南风2级,30 优
2022-08-08 周一,33°,25°,多云~雷阵雨,东南风3级,28 优
2022-08-09 周二,30°,24°,小雨~大雨,东北风3级,15 优
2022-08-10 周三,30°,25°,小雨~中雨,东风4级,14 优
2022-08-11 周四,30°,25°,小雨~雷阵雨,东南风3级,17 优
2022-08-12 周五,28°,25°,多云~雷阵雨,东南风2级,21 优
2022-08-13 周六,31°,24°,多云,东南风2级,40 优
2022-08-14 周日,34°,25°,多云,南风2级,41 优
2022-08-15 周一,36°,27°,多云,东南风2级,35 优
2022-08-16 周二,34°,26°,阴~雷阵雨,东南风2级,32 优
2022-08-17 周三,32°,26°,多云~雷阵雨,东南风3级,26 优
2022-08-18 周四,31°,25°,大雨~阵雨,东南风2级,31 优
2022-08-19 周五,32°,25°,多云~雷阵雨,东南风3级,25 优
2022-08-20 周六,33°,26°,阴~雷阵雨,东南风3级,23 优
2022-08-21 周日,31°,26°,小雨~多云,东南风3级,25 优
2022-08-22 周一,34°,26°,多云,西南风2级,31 优
2022-08-23 周二,36°,26°,多云,西北风2级,42 优
2022-08-24 周三,36°,26°,多云~大雨,东风3级,50 优
2022-08-25 周四,28°,25°,中雨,东南风4级,17 优
2022-08-26 周五,32°,25°,小雨~多云,东南风3级,22 优
2022-08-27 周六,34°,26°,多云,西南风2级,41 优
2022-08-28 周日,36°,26°,多云,南风2级,60 良
2022-08-29 周一,33°,26°,多云,东南风2级,50 优
2022-08-30 周二,31°,26°,大雨~雷阵雨,西南风1级,41 优
2022-08-31 周三,34°,25°,多云,东北风2级,37 优

2022-09-01 周四,31°,25°,多云,北风3级,35 优
2022-09-02 周五,31°,25°,多云~晴,北风3级,34 优
2022-09-03 周六,32°,24°,多云~晴,西北风3级,42 优
2022-09-04 周日,33°,24°,多云~晴,西北风3级,45 优
2022-09-05 周一,34°,24°,多云,西北风2级,64 良
2022-09-06 周二,35°,25°,多云~雷阵雨,东北风2级,64 良
2022-09-07 周三,32°,24°,多云~雷阵雨,东南风2级,49 优
2022-09-08 周四,34°,25°,多云~雷阵雨,东南风2级,41 优
2022-09-09 周五,34°,24°,多云,西北风2级,53 良
2022-09-10 周六,34°,24°,多云,南风1级,86 良
2022-09-11 周日,34°,24°,多云~晴,西北风2级,55 良
2022-09-12 周一,35°,24°,多云~晴,北风2级,65 良
2022-09-13 周二,36°,23°,晴,西北风2级,72 良
2022-09-14 周三,35°,23°,晴,西北风2级,71 良
2022-09-15 周四,35°,23°,晴,北风2级,72 良
2022-09-16 周五,35°,23°,晴,西北风2级,74 良
2022-09-17 周六,35°,24°,多云~晴,西北风1级,98 良
2022-09-18 周日,37°,25°,多云~晴,西风2级,80 良
2022-09-19 周一,35°,25°,多云,西北风2级,63 良
2022-09-20 周二,34°,24°,多云~雷阵雨,东南风2级,70 良
2022-09-21 周三,31°,25°,多云~雷阵雨,东南风2级,68 良
2022-09-22 周四,32°,24°,多云,东南风2级,70 良
2022-09-23 周五,32°,24°,多云,东北风2级,62 良
2022-09-24 周六,33°,25°,多云~晴,东风2级,58 良
2022-09-25 周日,34°,24°,多云~晴,东风2级,61 良
2022-09-26 周一,34°,24°,晴~多云,东北风2级,68 良
2022-09-27 周二,33°,24°,多云,东风2级,50 优
2022-09-28 周三,33°,25°,多云,东南风3级,44 优
2022-09-29 周四,33°,24°,阴~多云,东南风2级,42 优
2022-09-30 周五,31°,24°,中雨~多云,东南风3级,23 优

2022-10-01 周六,32°,24°,多云~雷阵雨,东南风2级,26 优
2022-10-02 周日,34°,24°,多云~晴,东南风3级,30 优
2022-10-03 周一,34°,25°,多云~晴,东南风2级,27 优
2022-10-04 周二,35°,24°,晴~雷阵雨,西南风1级,44 优
2022-10-05 周三,33°,24°,多云~雷阵雨,东南风2级,50 优
2022-10-06 周四,34°,23°,多云~雷阵雨,东南风2级,35 优
2022-10-07 周五,31°,23°,多云,北风2级,48 优
2022-10-08 周六,29°,21°,多云,东北风2级,35 优
2022-10-09 周日,30°,19°,多云~晴,北风3级,40 优
2022-10-10 周一,26°,16°,晴,东北风4级,33 优
2022-10-11 周二,27°,16°,晴,北风3级,37 优
2022-10-12 周三,29°,17°,晴,东北风2级,45 优
2022-10-13 周四,30°,16°,晴,北风2级,45 优
2022-10-14 周五,31°,18°,晴,东北风3级,49 优
2022-10-15 周六,31°,19°,晴,北风3级,50 优
2022-10-16 周日,31°,20°,多云,北风4级,52 良
2022-10-17 周一,29°,19°,多云~阴,北风4级,54 良
2022-10-18 周二,24°,15°,多云~小雨,东北风4级,65 良
2022-10-19 周三,25°,19°,多云,东北风3级,48 优
2022-10-20 周四,28°,19°,多云~晴,东北风2级,49 优
2022-10-21 周五,32°,19°,晴,东风1级,75 良
2022-10-22 周六,34°,20°,多云,东北风2级,60 良
2022-10-23 周日,34°,20°,晴,东北风2级,58 良
2022-10-24 周一,31°,18°,多云~晴,东风2级,66 良
2022-10-25 周二,30°,17°,多云~晴,东南风2级,74 良
2022-10-26 周三,29°,17°,晴,东南风2级,77 良
2022-10-27 周四,30°,18°,晴,东南风2级,73 良
2022-10-28 周五,30°,20°,晴,东北风2级,59 良
2022-10-29 周六,28°,20°,晴,东北风3级,39 优
2022-10-30 周日,28°,19°,晴~多云,北风4级,32 优
2022-10-31 周一,27°,19°,多云~阵雨,北风4级,47 优

2022-11-01 周二,26°,19°,多云~小雨,东北风4级,43 优
2022-11-02 周三,19°,18°,小雨,北风4级,31 优
2022-11-03 周四,20°,18°,小雨~阵雨,东北风3级,17 优
2022-11-04 周五,21°,17°,小雨,北风3级,15 优
2022-11-05 周六,20°,16°,多云~小雨,北风3级,21 优
2022-11-06 周日,19°,16°,小雨,东北风2级,22 优
2022-11-07 周一,21°,18°,小雨,东北风2级,23 优
2022-11-08 周二,21°,18°,小雨,东北风2级,20 优
2022-11-09 周三,27°,18°,多云,东北风1级,27 优
2022-11-10 周四,28°,19°,多云,东南风1级,69 良
2022-11-11 周五,30°,20°,多云~晴,东南风1级,88 良
2022-11-12 周六,29°,19°,多云~晴,东南风1级,79 良
2022-11-13 周日,31°,19°,晴~多云,东风1级,73 良
2022-11-14 周一,28°,20°,多云,东北风2级,61 良
2022-11-15 周二,27°,20°,多云~阴,东北风1级,83 良
2022-11-16 周三,26°,21°,多云~阴,东南风2级,70 良
2022-11-17 周四,27°,20°,多云~小雨,东南风2级,52 良
2022-11-18 周五,29°,20°,多云,东南风2级,56 良
2022-11-19 周六,29°,19°,多云,东北风2级,51 良
2022-11-20 周日,29°,20°,多云,东北风2级,34 优
2022-11-21 周一,29°,19°,多云~中雨,东南风2级,50 优
2022-11-22 周二,23°,20°,小雨,东风2级,27 优
2022-11-23 周三,22°,19°,小雨~中雨,东北风2级,14 优
2022-11-24 周四,22°,19°,中雨~小雨,东北风2级,13 优
2022-11-25 周五,22°,20°,小雨~中雨,东北风2级,19 优
2022-11-26 周六,22°,20°,小雨,东北风2级,17 优
2022-11-27 周日,25°,22°,多云,东南风3级,37 优
2022-11-28 周一,29°,22°,多云,东南风3级,34 优
2022-11-29 周二,28°,15°,多云~小雨,东南风2级,26 优
2022-11-30 周三,18°,9°,多云~阴,北风4级,23 优

2022-12-01 周四,12°,9°,多云~阴,北风4级,-
2022-12-02 周五,15°,10°,多云,北风3级,-
2022-12-03 周六,19°,12°,多云,北风2级,-
2022-12-04 周日,18°,12°,多云~阴,北风3级,-
2022-12-05 周一,14°,9°,多云,北风4级,-
2022-12-06 周二,15°,12°,多云~阴,北风3级,-
2022-12-07 周三,20°,11°,多云~晴,北风3级,-
2022-12-08 周四,22°,11°,多云~晴,北风3级,-
2022-12-09 周五,21°,12°,晴,北风3级,-
2022-12-10 周六,21°,11°,晴~多云,北风3级,-
2022-12-11 周日,16°,11°,多云,北风4级,-
2022-12-12 周一,17°,9°,晴~多云,北风4级,-
2022-12-13 周二,15°,10°,多云~阴,北风3级,-
2022-12-14 周三,14°,10°,多云~小雨,东北风3级,-
2022-12-15 周四,13°,12°,小雨,东北风2级,-
2022-12-16 周五,15°,8°,小雨~阴,北风3级,-
2022-12-17 周六,13°,4°,多云~晴,北风5级,-
2022-12-18 周日,14°,5°,晴,北风4级,-
2022-12-19 周一,19°,7°,晴~多云,东北风2级,-
2022-12-20 周二,20°,9°,晴~多云,东北风2级,-
2022-12-21 周三,20°,6°,多云~晴,北风4级,-
2022-12-22 周四,21°,8°,晴,东北风3级,-
2022-12-23 周五,22°,7°,多云~晴,东北风2级,-
2022-12-24 周六,22°,7°,晴,东北风3级,-
2022-12-25 周日,22°,6°,晴,东北风2级,-
2022-12-26 周一,22°,7°,晴,东北风2级,-
2022-12-27 周二,22°,8°,晴~多云,东北风2级,-
2022-12-28 周三,19°,9°,多云~阴,东北风3级,-
2022-12-29 周四,18°,9°,多云,北风3级,-
2022-12-30 周五,16°,7°,晴,北风3级,-
2022-12-31 周六,17°,9°,晴~多云,北风3级,36 优

2022-01-01 周六,6°,-7°,晴,西北风3级,56 良
2022-01-02 周日,2°,-7°,多云,南风2级,24 优
2022-01-03 周一,6°,-7°,晴,北风1级,49 优
2022-01-04 周二,3°,-6°,多云~晴,东北风1级,54 良
2022-01-05 周三,2°,-6°,多云~晴,北风1级,85 良
2022-01-06 周四,6°,-7°,多云~晴,北风1级,81 良
2022-01-07 周五,4°,-6°,多云~晴,西北风1级,129 轻度
2022-01-08 周六,9°,-5°,多云,北风2级,79 良
2022-01-09 周日,1°,-5°,多云,东北风1级,63 良
2022-01-10 周一,2°,-8°,晴,北风3级,39 优
2022-01-11 周二,0°,-8°,晴~多云,东北风1级,22 优
2022-01-12 周三,2°,-7°,多云~晴,西北风2级,39 优
2022-01-13 周四,3°,-7°,晴,西北风2级,18 优
2022-01-14 周五,2°,-6°,多云~晴,东北风1级,99 良
2022-01-15 周六,3°,-8°,多云~晴,西北风3级,84 良
2022-01-16 周日,0°,-7°,多云~晴,北风1级,25 优
2022-01-17 周一,6°,-8°,晴~多云,西北风1级,35 优
2022-01-18 周二,2°,-7°,多云,东北风1级,80 良
2022-01-19 周三,-1°,-7°,多云~阴,东南风2级,80 良
2022-01-20 周四,-2°,-5°,阴,南风2级,50 优
2022-01-21 周五,-1°,-4°,多云~小雪,南风1级,76 良
2022-01-22 周六,-1°,-4°,阴,东北风1级,142 轻度
2022-01-23 周日,0°,-5°,多云~阴,北风1级,161 中度
2022-01-24 周一,0°,-6°,多云~阴,西南风1级,198 中度
2022-01-25 周二,6°,-5°,多云~晴,西北风2级,111 轻度
2022-01-26 周三,2°,-5°,多云,北风2级,18 优
2022-01-27 周四,3°,-5°,晴,北风2级,23 优
2022-01-28 周五,3°,-5°,晴,西北风1级,29 优
2022-01-29 周六,4°,-5°,晴,北风1级,31 优
2022-01-30 周日,3°,-3°,多云~小雪,北风1级,162 中度
2022-01-31 周一,0°,-6°,晴,西北风3级,44 优

2022-02-01 周二,2°,-7°,晴,西北风2级,19 优
2022-02-02 周三,4°,-7°,晴,西北风1级,23 优
2022-02-03 周四,3°,-6°,多云~晴,北风2级,22 优
2022-02-04 周五,0°,-6°,晴,西北风3级,23 优
2022-02-05 周六,3°,-5°,晴,西北风2级,23 优
2022-02-06 周日,6°,-5°,多云~晴,西北风2级,25 优
2022-02-07 周一,6°,-5°,多云~晴,北风2级,24 优
2022-02-08 周二,8°,-5°,晴~多云,西北风1级,28 优
2022-02-09 周三,7°,-5°,多云~晴,北风1级,66 良
2022-02-10 周四,10°,-3°,阴~多云,西南风1级,76 良
2022-02-11 周五,8°,-3°,多云~阴,东北风2级,81 良
2022-02-12 周六,1°,-2°,多云~小雪,东北风2级,56 良
2022-02-13 周日,-3°,-6°,中雪~小雪,东南风2级,74 良
2022-02-14 周一,-1°,-10°,多云,西北风3级,31 优
2022-02-15 周二,-2°,-10°,多云~晴,东北风1级,25 优
2022-02-16 周三,0°,-9°,晴~多云,东北风2级,26 优
2022-02-17 周四,0°,-7°,多云~阴,东南风2级,41 优
2022-02-18 周五,4°,-6°,多云~晴,西北风2级,51 良
2022-02-19 周六,1°,-9°,晴,西北风3级,23 优
2022-02-20 周日,4°,-7°,晴,西北风2级,23 优
2022-02-21 周一,4°,-8°,多云,西北风3级,22 优
2022-02-22 周二,4°,-7°,晴,西北风2级,23 优
2022-02-23 周三,7°,-6°,晴,西北风1级,30 优
2022-02-24 周四,11°,-5°,晴,西北风1级,45 优
2022-02-25 周五,14°,0°,多云~晴,西北风1级,98 良
2022-02-26 周六,12°,-2°,晴,西北风3级,30 优
2022-02-27 周日,16°,-2°,晴~多云,北风1级,50 优
2022-02-28 周一,12°,-1°,阴~晴,西北风2级,93 良

2022-03-01 周二,11°,-1°,晴,西北风3级,25 优
2022-03-02 周三,16°,0°,晴,西北风2级,49 优
2022-03-03 周四,11°,0°,多云~晴,东北风1级,55 良
2022-03-04 周五,11°,-1°,扬沙~晴,西北风3级,87 良
2022-03-05 周六,10°,-2°,晴,西北风3级,33 优
2022-03-06 周日,11°,-1°,多云,东南风2级,54 良
2022-03-07 周一,18°,2°,晴,北风2级,52 良
2022-03-08 周二,16°,2°,晴,东北风1级,89 良
2022-03-09 周三,17°,4°,多云,东北风1级,144 轻度
2022-03-10 周四,19°,7°,晴,东北风1级,219 重度
2022-03-11 周五,12°,5°,多云~小雨,东南风2级,128 轻度
2022-03-12 周六,13°,5°,多云,东风1级,66 良
2022-03-13 周日,11°,4°,多云~小雨,东南风2级,93 良
2022-03-14 周一,20°,5°,多云~晴,西北风2级,52 良
2022-03-15 周二,15°,6°,多云,东南风2级,68 良
2022-03-16 周三,12°,2°,多云~阴,东南风2级,83 良
2022-03-17 周四,3°,-2°,小雪~阴,东南风2级,39 优
2022-03-18 周五,2°,-2°,大雪~小雪,东南风2级,64 良
2022-03-19 周六,6°,-1°,雨夹雪~多云,西北风1级,41 优
2022-03-20 周日,10°,1°,多云,西风1级,64 良
2022-03-21 周一,12°,1°,多云,北风2级,22 优
2022-03-22 周二,9°,1°,多云,西南风2级,30 优
2022-03-23 周三,12°,3°,多云,东北风1级,82 良
2022-03-24 周四,9°,7°,多云~小雨,东南风2级,134 轻度
2022-03-25 周五,14°,6°,多云,北风2级,131 轻度
2022-03-26 周六,20°,3°,多云,西北风3级,69 良
2022-03-27 周日,16°,6°,晴,西北风3级,32 优
2022-03-28 周一,18°,9°,多云,西南风3级,70 良
2022-03-29 周二,12°,6°,小雨,东南风2级,81 良
2022-03-30 周三,10°,3°,多云,东南风2级,53 良
2022-03-31 周四,15°,2°,多云~晴,北风2级,33 优

2022-04-01 周五,15°,3°,多云,南风2级,29 优
2022-04-02 周六,19°,4°,晴,西北风2级,32 优
2022-04-03 周日,19°,7°,多云~晴,西南风2级,54 良
2022-04-04 周一,22°,9°,多云~晴,西南风2级,94 良
2022-04-05 周二,24°,6°,多云,东北风2级,94 良
2022-04-06 周三,13°,3°,多云~晴,东南风3级,57 良
2022-04-07 周四,22°,9°,晴,南风1级,60 良
2022-04-08 周五,24°,12°,多云~晴,东南风1级,115 轻度
2022-04-09 周六,24°,11°,多云,东风2级,128 轻度
2022-04-10 周日,26°,14°,多云,东北风1级,130 轻度
2022-04-11 周一,27°,14°,多云,西北风3级,126 轻度
2022-04-12 周二,21°,8°,多云,东南风3级,73 良
2022-04-13 周三,19°,6°,多云,南风3级,54 良
2022-04-14 周四,20°,8°,多云~晴,西北风3级,31 优
2022-04-15 周五,21°,8°,晴,西北风2级,30 优
2022-04-16 周六,23°,10°,晴~多云,西南风2级,38 优
2022-04-17 周日,19°,12°,多云~阴,西南风2级,73 良
2022-04-18 周一,23°,9°,多云~晴,东风2级,97 良
2022-04-19 周二,27°,13°,多云~晴,西南风2级,87 良
2022-04-20 周三,28°,17°,多云~晴,西南风3级,71 良
2022-04-21 周四,25°,10°,多云~晴,西北风3级,86 良
2022-04-22 周五,22°,12°,晴,西南风3级,42 优
2022-04-23 周六,26°,15°,多云~晴,西南风3级,77 良
2022-04-24 周日,26°,13°,多云,东南风2级,101 轻度
2022-04-25 周一,26°,16°,多云,东南风2级,103 轻度
2022-04-26 周二,23°,12°,多云,西北风4级,82 良
2022-04-27 周三,10°,8°,小雨,东北风2级,32 优
2022-04-28 周四,15°,7°,多云,南风2级,29 优
2022-04-29 周五,18°,12°,多云,西南风2级,60 良
2022-04-30 周六,22°,8°,晴,西北风3级,26 优

2022-05-01 周日,25°,10°,多云,西北风3级,38 优
2022-05-02 周一,26°,12°,晴,东南风2级,46 优
2022-05-03 周二,31°,16°,晴,南风2级,61 良
2022-05-04 周三,32°,20°,多云,西南风3级,82 良
2022-05-05 周四,30°,15°,多云~小雨,西南风3级,82 良
2022-05-06 周五,15°,10°,小雨~晴,东北风3级,55 良
2022-05-07 周六,18°,11°,阴~小雨,南风3级,40 优
2022-05-08 周日,13°,8°,小雨~多云,南风2级,29 优
2022-05-09 周一,19°,8°,阴~多云,东南风2级,35 优
2022-05-10 周二,14°,10°,多云,南风2级,70 良
2022-05-11 周三,20°,12°,多云~小雨,西北风2级,52 良
2022-05-12 周四,18°,10°,多云,西南风2级,32 优
2022-05-13 周五,24°,9°,多云~晴,西北风3级,27 优
2022-05-14 周六,24°,9°,晴,北风2级,26 优
2022-05-15 周日,27°,11°,晴,西北风2级,29 优
2022-05-16 周一,28°,12°,晴,西北风2级,35 优
2022-05-17 周二,28°,15°,多云~晴,东南风2级,63 良
2022-05-18 周三,30°,17°,晴~多云,东南风2级,49 优
2022-05-19 周四,30°,17°,多云,西南风2级,78 良
2022-05-20 周五,32°,18°,多云~晴,西南风2级,99 良
2022-05-21 周六,34°,19°,多云~晴,西南风2级,95 良
2022-05-22 周日,34°,20°,晴,东南风2级,91 良
2022-05-23 周一,32°,19°,多云,西南风2级,72 良
2022-05-24 周二,31°,20°,多云~晴,西南风3级,70 良
2022-05-25 周三,30°,14°,晴,北风3级,31 优
2022-05-26 周四,33°,17°,晴,西北风2级,34 优
2022-05-27 周五,34°,21°,晴,西南风2级,44 优
2022-05-28 周六,35°,24°,多云,西南风3级,88 良
2022-05-29 周日,28°,14°,多云~晴,西北风3级,46 优
2022-05-30 周一,31°,15°,晴,西北风2级,33 优
2022-05-31 周二,31°,17°,晴,东北风2级,58 良

2022-06-01 周三,33°,19°,晴,西南风2级,49 优
2022-06-02 周四,35°,20°,晴~多云,南风2级,74 良
2022-06-03 周五,35°,22°,多云~小雨,南风2级,91 良
2022-06-04 周六,32°,19°,多云~晴,东风2级,53 良
2022-06-05 周日,34°,20°,多云,西北风3级,42 优
2022-06-06 周一,28°,16°,晴,东北风3级,25 优
2022-06-07 周二,26°,17°,多云~小雨,南风2级,32 优
2022-06-08 周三,24°,15°,多云,东南风2级,51 良
2022-06-09 周四,24°,18°,多云,东南风2级,50 优
2022-06-10 周五,28°,19°,多云~小雨,东南风2级,61 良
2022-06-11 周六,22°,19°,阴~中雨,东南风2级,55 良
2022-06-12 周日,26°,18°,多云~小雨,东南风2级,40 优
2022-06-13 周一,24°,18°,小雨,东风2级,44 优
2022-06-14 周二,26°,18°,多云,东风2级,40 优
2022-06-15 周三,27°,18°,多云,东南风2级,48 优
2022-06-16 周四,30°,20°,多云,东南风2级,68 良
2022-06-17 周五,30°,21°,多云~小雨,东南风2级,85 良
2022-06-18 周六,32°,22°,多云,东南风2级,82 良
2022-06-19 周日,32°,22°,多云~晴,东南风2级,74 良
2022-06-20 周一,34°,24°,多云,东南风2级,83 良
2022-06-21 周二,33°,24°,多云~小雨,东风2级,121 轻度
2022-06-22 周三,25°,22°,小雨~多云,东北风2级,87 良
2022-06-23 周四,36°,23°,阴~晴,西北风2级,44 优
2022-06-24 周五,37°,23°,晴~多云,西北风2级,28 优
2022-06-25 周六,35°,25°,多云,西南风1级,96 良
2022-06-26 周日,32°,22°,多云~大雨,东北风3级,78 良
2022-06-27 周一,31°,22°,多云~小雨,东北风2级,46 优
2022-06-28 周二,27°,22°,多云~小雨,东北风2级,31 优
2022-06-29 周三,27°,21°,小雨,西北风2级,26 优
2022-06-30 周四,30°,22°,多云,东风2级,34 优

2022-07-01 周五,30°,22°,多云,东北风1级,42 优
2022-07-02 周六,31°,23°,多云~小雨,南风2级,67 良
2022-07-03 周日,25°,22°,大雨,东南风1级,41 优
2022-07-04 周一,29°,23°,多云~小雨,东南风1级,35 优
2022-07-05 周二,32°,23°,小雨~中雨,东南风2级,58 良
2022-07-06 周三,30°,22°,多云~晴,东北风2级,27 优
2022-07-07 周四,36°,24°,晴~多云,西南风2级,43 优
2022-07-08 周五,34°,24°,多云,东风2级,53 良
2022-07-09 周六,35°,22°,多云~小雨,西北风2级,32 优
2022-07-10 周日,27°,20°,小雨~晴,南风2级,30 优
2022-07-11 周一,27°,23°,多云~雷阵雨,东南风1级,40 优
2022-07-12 周二,25°,22°,中雨~晴,北风2级,38 优
2022-07-13 周三,33°,23°,晴,西南风2级,34 优
2022-07-14 周四,35°,21°,晴,东北风2级,34 优
2022-07-15 周五,36°,24°,多云,西南风2级,37 优
2022-07-16 周六,33°,23°,多云,东南风2级,75 良
2022-07-17 周日,36°,23°,多云~晴,西北风2级,48 优
2022-07-18 周一,35°,22°,晴,北风2级,34 优
2022-07-19 周二,32°,24°,多云,南风2级,64 良
2022-07-20 周三,32°,22°,多云~晴,南风2级,58 良
2022-07-21 周四,33°,24°,多云,东南风2级,63 良
2022-07-22 周五,31°,23°,多云~小雨,南风2级,62 良
2022-07-23 周六,33°,23°,多云~晴,西南风2级,36 优
2022-07-24 周日,33°,25°,多云~小雨,西南风2级,65 良
2022-07-25 周一,32°,24°,多云~小雨,南风2级,60 良
2022-07-26 周二,33°,23°,阴~小雨,东南风2级,57 良
2022-07-27 周三,26°,21°,暴雨~大雨,东北风2级,47 优
2022-07-28 周四,29°,21°,多云~晴,东北风2级,29 优
2022-07-29 周五,31°,23°,多云,东南风2级,41 优
2022-07-30 周六,31°,24°,多云~小雨,东南风2级,64 良
2022-07-31 周日,33°,25°,多云,东南风2级,51 良

2022-08-01 周一,34°,25°,多云,南风2级,66 良
2022-08-02 周二,34°,26°,多云,南风2级,62 良
2022-08-03 周三,35°,26°,多云,西南风2级,61 良
2022-08-04 周四,35°,26°,多云~小雨,西南风2级,61 良
2022-08-05 周五,36°,27°,晴~多云,东南风2级,52 良
2022-08-06 周六,33°,25°,雾~中雨,东北风2级,43 优
2022-08-07 周日,32°,25°,雾~小雨,东南风1级,46 优
2022-08-08 周一,27°,22°,多云~小雨,东南风1级,23 优
2022-08-09 周二,24°,20°,小雨~晴,西南风2级,21 优
2022-08-10 周三,30°,20°,晴,西南风2级,34 优
2022-08-11 周四,31°,24°,雾~多云,南风2级,46 优
2022-08-12 周五,31°,25°,多云,东南风1级,65 良
2022-08-13 周六,32°,24°,多云~小雨,东南风2级,71 良
2022-08-14 周日,24°,23°,中雨~雾,东南风1级,48 优
2022-08-15 周一,35°,21°,雾~晴,西北风2级,31 优
2022-08-16 周二,31°,22°,多云,东风2级,28 优
2022-08-17 周三,30°,24°,多云~小雨,南风2级,46 优
2022-08-18 周四,25°,24°,中雨~多云,南风2级,52 良
2022-08-19 周五,31°,21°,多云,西北风2级,34 优
2022-08-20 周六,30°,23°,多云,南风2级,31 优
2022-08-21 周日,31°,24°,多云~中雨,南风2级,54 良
2022-08-22 周一,33°,19°,雾~晴,北风3级,34 优
2022-08-23 周二,28°,21°,多云~小雨,北风2级,17 优
2022-08-24 周三,27°,19°,多云,西南风2级,31 优
2022-08-25 周四,32°,19°,晴~多云,西北风2级,32 优
2022-08-26 周五,27°,14°,多云~晴,西北风2级,25 优
2022-08-27 周六,27°,18°,多云,西北风2级,21 优
2022-08-28 周日,23°,16°,多云~小雨,南风1级,46 优
2022-08-29 周一,22°,18°,多云,西南风2级,32 优
2022-08-30 周二,27°,18°,多云,南风1级,49 优
2022-08-31 周三,32°,18°,晴,西北风2级,23 优

2022-09-01 周四,28°,15°,晴,东南风2级,32 优
2022-09-02 周五,28°,18°,晴~多云,南风2级,45 优
2022-09-03 周六,27°,19°,多云~小雨,南风2级,58 良
2022-09-04 周日,28°,18°,阴~多云,西南风2级,60 良
2022-09-05 周一,28°,14°,晴,西北风3级,20 优
2022-09-06 周二,29°,15°,晴,西北风3级,29 优
2022-09-07 周三,32°,17°,晴,西北风2级,34 优
2022-09-08 周四,32°,19°,晴,西南风2级,61 良
2022-09-09 周五,31°,20°,多云,东南风1级,85 良
2022-09-10 周六,31°,19°,多云,东风2级,93 良
2022-09-11 周日,28°,20°,多云~晴,东南风2级,52 良
2022-09-12 周一,30°,20°,多云~晴,东南风1级,76 良
2022-09-13 周二,30°,20°,多云,东风2级,86 良
2022-09-14 周三,30°,20°,多云,东风2级,61 良
2022-09-15 周四,30°,19°,多云~晴,东风1级,45 优
2022-09-16 周五,30°,20°,多云~晴,西南风2级,57 良
2022-09-17 周六,30°,20°,多云~晴,南风1级,75 良
2022-09-18 周日,29°,17°,晴,东北风2级,35 优
2022-09-19 周一,26°,13°,多云,东北风2级,27 优
2022-09-20 周二,26°,14°,晴,西北风2级,27 优
2022-09-21 周三,26°,16°,多云~小雨,南风2级,49 优
2022-09-22 周四,27°,13°,多云~晴,西北风3级,47 优
2022-09-23 周五,25°,10°,晴,西北风3级,26 优
2022-09-24 周六,26°,11°,多云~晴,西南风2级,44 优
2022-09-25 周日,26°,13°,多云~晴,南风1级,83 良
2022-09-26 周一,28°,15°,多云~晴,南风2级,104 轻度
2022-09-27 周二,29°,16°,多云,西南风2级,106 轻度
2022-09-28 周三,28°,16°,多云~雾,西南风1级,103 轻度
2022-09-29 周四,29°,18°,多云~晴,南风2级,112 轻度
2022-09-30 周五,29°,19°,多云,西南风2级,132 轻度

2022-10-01 周六,24°,19°,多云~小雨,东南风2级,99 良
2022-10-02 周日,19°,17°,小雨,东风2级,24 优
2022-10-03 周一,20°,8°,小雨~多云,东北风3级,18 优
2022-10-04 周二,16°,4°,晴,北风3级,14 优
2022-10-05 周三,15°,6°,多云,东北风2级,24 优
2022-10-06 周四,18°,4°,多云~晴,西南风2级,47 优
2022-10-07 周五,19°,9°,多云~小雨,西南风2级,76 良
2022-10-08 周六,12°,9°,多云,西南风2级,87 良
2022-10-09 周日,15°,6°,晴,西北风4级,18 优
2022-10-10 周一,18°,3°,晴,西北风3级,19 优
2022-10-11 周二,20°,5°,晴,西南风1级,35 优
2022-10-12 周三,20°,8°,多云,西南风2级,75 良
2022-10-13 周四,19°,12°,多云~阴,南风1级,118 轻度
2022-10-14 周五,22°,10°,多云~晴,西南风1级,148 轻度
2022-10-15 周六,24°,11°,多云,北风2级,168 中度
2022-10-16 周日,19°,5°,晴,北风3级,30 优
2022-10-17 周一,17°,2°,晴,西北风3级,16 优
2022-10-18 周二,19°,2°,晴,西南风1级,28 优
2022-10-19 周三,21°,7°,晴,西南风2级,67 良
2022-10-20 周四,18°,7°,多云,西南风2级,107 轻度
2022-10-21 周五,22°,10°,多云~晴,西南风1级,135 轻度
2022-10-22 周六,21°,5°,晴,西北风3级,46 优
2022-10-23 周日,22°,4°,晴,西北风2级,29 优
2022-10-24 周一,19°,6°,晴,东南风1级,63 良
2022-10-25 周二,19°,10°,多云~阴,东南风1级,129 轻度
2022-10-26 周三,18°,10°,多云~阴,东北风2级,150 轻度
2022-10-27 周四,12°,9°,多云~阴,东南风2级,23 优
2022-10-28 周五,13°,9°,多云~阴,南风1级,54 良
2022-10-29 周六,14°,8°,多云~小雨,南风2级,66 良
2022-10-30 周日,15°,8°,多云,南风1级,94 良
2022-10-31 周一,17°,2°,晴,西北风3级,44 优

2022-11-01 周二,15°,4°,晴~多云,东南风2级,27 优
2022-11-02 周三,16°,3°,多云~小雨,东北风2级,59 良
2022-11-03 周四,13°,0°,多云~晴,东南风2级,52 良
2022-11-04 周五,14°,-1°,晴,西北风2级,32 优
2022-11-05 周六,16°,4°,晴~多云,西南风1级,59 良
2022-11-06 周日,12°,4°,多云,东北风1级,124 轻度
2022-11-07 周一,16°,1°,晴,西北风2级,53 良
2022-11-08 周二,16°,3°,多云,西南风1级,62 良
2022-11-09 周三,13°,5°,多云~小雨,东北风1级,106 轻度
2022-11-10 周四,16°,8°,多云~雾,东北风1级,124 轻度
2022-11-11 周五,13°,10°,中雨~小雨,东南风1级,159 中度
2022-11-12 周六,11°,0°,多云~晴,西北风3级,13 优
2022-11-13 周日,9°,-1°,晴,西北风2级,18 优
2022-11-14 周一,12°,0°,晴,西南风1级,56 良
2022-11-15 周二,17°,0°,雾~晴,西北风2级,44 优
2022-11-16 周三,15°,0°,多云~晴,东北风1级,41 优
2022-11-17 周四,15°,4°,多云,东北风1级,88 良
2022-11-18 周五,11°,4°,多云~小雨,东北风2级,121 轻度
2022-11-19 周六,14°,5°,多云,东南风1级,133 轻度
2022-11-20 周日,9°,4°,多云~雾,东北风2级,204 重度
2022-11-21 周一,13°,2°,多云,东北风2级,61 良
2022-11-22 周二,11°,0°,多云~雾,南风1级,61 良
2022-11-23 周三,13°,2°,多云~雾,东北风1级,101 轻度
2022-11-24 周四,8°,4°,多云~雾,东北风1级,166 中度
2022-11-25 周五,13°,-2°,雾~多云,西北风3级,110 轻度
2022-11-26 周六,4°,-2°,多云,北风3级,25 优
2022-11-27 周日,7°,1°,多云,东北风2级,40 优
2022-11-28 周一,13°,-5°,多云,西北风3级,79 良
2022-11-29 周二,-5°,-9°,多云~晴,西北风4级,47 优
2022-11-30 周三,-1°,-9°,晴,西北风3级,30 优

2022-12-01 周四,0°,-8°,晴~多云,西北风3级,-
2022-12-02 周五,0°,-6°,多云~晴,西南风1级,-
2022-12-03 周六,2°,-9°,多云~晴,西北风3级,-
2022-12-04 周日,2°,-8°,晴,西南风1级,-
2022-12-05 周一,5°,-8°,多云~晴,西北风1级,-
2022-12-06 周二,6°,-6°,晴,西北风2级,-
2022-12-07 周三,8°,-5°,多云~晴,西北风1级,-
2022-12-08 周四,9°,-5°,多云~晴,西北风1级,-
2022-12-09 周五,7°,-3°,多云~阴,北风1级,-
2022-12-10 周六,3°,-5°,晴,西北风3级,-
2022-12-11 周日,4°,-4°,多云,西北风1级,-
2022-12-12 周一,3°,-6°,多云~晴,西北风3级,-
2022-12-13 周二,-3°,-10°,多云~晴,西北风4级,-
2022-12-14 周三,0°,-7°,多云,西南风2级,-
2022-12-15 周四,-1°,-9°,多云~晴,北风3级,-
2022-12-16 周五,-1°,-12°,多云~晴,西北风3级,-
2022-12-17 周六,-2°,-11°,多云,西北风3级,-
2022-12-18 周日,0°,-10°,多云~晴,南风1级,-
2022-12-19 周一,2°,-9°,晴~多云,东南风1级,-
2022-12-20 周二,2°,-7°,多云,南风1级,-
2022-12-21 周三,0°,-7°,多云,东北风1级,-
2022-12-22 周四,-1°,-8°,多云~晴,西北风3级,-
2022-12-23 周五,0°,-7°,晴,北风2级,-
2022-12-24 周六,4°,-7°,晴~多云,北风2级,-
2022-12-25 周日,1°,-7°,多云,北风1级,-
2022-12-26 周一,3°,-7°,晴,西北风1级,-
2022-12-27 周二,1°,-8°,晴,西北风4级,-
2022-12-28 周三,3°,-8°,晴,西北风1级,-
2022-12-29 周四,3°,-9°,晴,西北风2级,-
2022-12-30 周五,4°,-8°,晴,西风1级,-
2022-12-31 周六,7°,-7°,晴,西北风2级,50 优

2022-01-01 周六,11°,4°,阴~晴,东南风2级,33 优
2022-01-02 周日,11°,4°,晴~多云,北风2级,96 良
2022-01-03 周一,13°,6°,多云,东风1级,94 良
2022-01-04 周二,13°,9°,阴~小雨,东风3级,75 良
2022-01-05 周三,11°,6°,中雨~阴,东北风3级,30 优
2022-01-06 周四,8°,5°,多云~阴,东北风3级,30 优
2022-01-07 周五,10°,4°,多云~阴,东北风2级,47 优
2022-01-08 周六,8°,5°,多云~小雨,东北风2级,50 优
2022-01-09 周日,7°,3°,小雨~多云,东北风2级,78 良
2022-01-10 周一,8°,2°,多云~小雨,西北风2级,139 轻度
2022-01-11 周二,6°,0°,晴,西北风3级,89 良
2022-01-12 周三,7°,3°,晴~多云,东北风1级,65 良
2022-01-13 周四,6°,0°,多云,西北风3级,84 良
2022-01-14 周五,7°,4°,阴,东南风2级,36 优
2022-01-15 周六,9°,4°,多云,西北风2级,91 良
2022-01-16 周日,10°,5°,多云~阴,东北风2级,103 轻度
2022-01-17 周一,11°,6°,多云,东北风2级,39 优
2022-01-18 周二,11°,6°,阴~晴,东风2级,54 良
2022-01-19 周三,13°,5°,多云,东北风2级,52 良
2022-01-20 周四,8°,4°,多云~阴,东北风3级,51 良
2022-01-21 周五,9°,6°,多云~阴,东北风2级,26 优
2022-01-22 周六,10°,9°,小雨,东风2级,30 优
2022-01-23 周日,11°,7°,中雨~小雨,东北风3级,27 优
2022-01-24 周一,8°,5°,多云~小雨,北风3级,70 良
2022-01-25 周二,8°,5°,多云~小雨,北风2级,112 轻度
2022-01-26 周三,8°,6°,中雨~小雨,东北风2级,67 良
2022-01-27 周四,7°,4°,小雨,东北风3级,52 良
2022-01-28 周五,6°,3°,阴~小雨,东北风3级,31 优
2022-01-29 周六,5°,3°,小雨,北风3级,35 优
2022-01-30 周日,6°,1°,小雨~多云,西北风3级,32 优
2022-01-31 周一,8°,3°,多云~阴,西北风1级,72 良

2022-02-01 周二,8°,3°,多云~小雨,东北风2级,122 轻度
2022-02-02 周三,6°,2°,多云~小雨,东北风2级,38 优
2022-02-03 周四,6°,2°,阴~多云,东北风2级,24 优
2022-02-04 周五,8°,1°,晴,西北风2级,37 优
2022-02-05 周六,7°,0°,晴~多云,北风3级,66 良
2022-02-06 周日,6°,3°,多云~小雨,东北风2级,28 优
2022-02-07 周一,4°,3°,中雨~小雨,东北风3级,19 优
2022-02-08 周二,7°,3°,多云,东北风2级,19 优
2022-02-09 周三,7°,3°,小雨~阴,东北风2级,25 优
2022-02-10 周四,9°,4°,多云,东北风2级,37 优
2022-02-11 周五,8°,5°,小雨,东北风2级,57 良
2022-02-12 周六,9°,6°,多云~小雨,东北风2级,57 良
2022-02-13 周日,7°,3°,小雨~多云,北风2级,63 良
2022-02-14 周一,11°,4°,多云~阴,北风2级,58 良
2022-02-15 周二,7°,3°,多云~阴,东北风2级,75 良
2022-02-16 周三,8°,3°,多云~阴,东北风3级,43 优
2022-02-17 周四,5°,3°,多云~小雨,东北风3级,30 优
2022-02-18 周五,7°,3°,小雨,东北风3级,24 优
2022-02-19 周六,6°,0°,多云~阴,北风3级,40 优
2022-02-20 周日,4°,0°,多云,北风3级,38 优
2022-02-21 周一,9°,2°,多云~阴,东北风1级,46 优
2022-02-22 周二,8°,3°,阴~小雨,东北风2级,82 良
2022-02-23 周三,8°,1°,阴~晴,东北风3级,46 优
2022-02-24 周四,9°,2°,多云~晴,东北风2级,31 优
2022-02-25 周五,12°,5°,多云~晴,东南风2级,32 优
2022-02-26 周六,17°,6°,多云~晴,西南风2级,58 良
2022-02-27 周日,15°,8°,多云~阴,东风2级,73 良
2022-02-28 周一,21°,11°,阴~小雨,东南风3级,71 良

2022-03-01 周二,18°,7°,阴,西北风3级,119 轻度
2022-03-02 周三,16°,7°,多云~阴,北风2级,88 良
2022-03-03 周四,18°,11°,阴~小雨,东南风2级,85 良
2022-03-04 周五,18°,8°,阴~晴,南风2级,57 良
2022-03-05 周六,15°,6°,多云~阴,东北风3级,95 良
2022-03-06 周日,12°,6°,阴~小雨,东北风2级,46 优
2022-03-07 周一,15°,7°,阴~晴,东北风2级,46 优
2022-03-08 周二,20°,9°,晴,西南风2级,65 良
2022-03-09 周三,20°,11°,晴~多云,东南风3级,69 良
2022-03-10 周四,21°,14°,阴~多云,东南风3级,69 良
2022-03-11 周五,26°,15°,多云~晴,东南风2级,65 良
2022-03-12 周六,25°,16°,多云~小雨,东南风3级,54 良
2022-03-13 周日,27°,15°,多云~阴,南风2级,55 良
2022-03-14 周一,28°,12°,多云,东北风2级,73 良
2022-03-15 周二,21°,14°,晴,东南风2级,63 良
2022-03-16 周三,27°,19°,阴~小雨,东南风2级,59 良
2022-03-17 周四,18°,10°,中雨~小雨,东风3级,21 优
2022-03-18 周五,11°,10°,多云,西北风3级,36 优
2022-03-19 周六,13°,7°,多云~阴,北风3级,75 良
2022-03-20 周日,8°,7°,大雨~中雨,东北风2级,30 优
2022-03-21 周一,8°,7°,大雨~中雨,东北风3级,23 优
2022-03-22 周二,10°,7°,多云~小雨,东北风3级,34 优
2022-03-23 周三,14°,8°,多云~晴,东北风2级,35 优
2022-03-24 周四,17°,14°,晴~小雨,东南风3级,31 优
2022-03-25 周五,18°,12°,大雨~小雨,东南风4级,28 优
2022-03-26 周六,17°,11°,多云~阴,西北风3级,43 优
2022-03-27 周日,18°,9°,多云~阴,北风2级,60 良
2022-03-28 周一,14°,8°,多云~晴,东北风2级,39 优
2022-03-29 周二,19°,13°,多云~阴,东南风3级,36 优
2022-03-30 周三,24°,11°,多云~小雨,西南风3级,39 优
2022-03-31 周四,13°,8°,多云~阴,东北风3级,49 优

2022-04-01 周五,14°,7°,多云~阴,北风3级,36 优
2022-04-02 周六,16°,7°,多云~晴,东北风2级,37 优
2022-04-03 周日,15°,8°,晴,东北风2级,28 优
2022-04-04 周一,19°,11°,多云~阴,东南风2级,36 优
2022-04-05 周二,14°,11°,多云~阴,东南风2级,45 优
2022-04-06 周三,25°,13°,多云,东南风2级,54 良
2022-04-07 周四,27°,13°,多云,东南风2级,64 良
2022-04-08 周五,27°,16°,多云~阴,东南风3级,58 良
2022-04-09 周六,28°,16°,多云,东南风3级,52 良
2022-04-10 周日,26°,18°,多云~阴,东南风3级,47 优
2022-04-11 周一,32°,19°,晴~阴,东南风2级,57 良
2022-04-12 周二,33°,18°,多云~小雨,东南风2级,50 优
2022-04-13 周三,16°,14°,大雨,东北风3级,24 优
2022-04-14 周四,15°,12°,小雨~阴,北风3级,19 优
2022-04-15 周五,18°,11°,多云~阴,北风3级,29 优
2022-04-16 周六,18°,11°,多云,东北风2级,51 良
2022-04-17 周日,20°,14°,多云~阴,东风2级,39 优
2022-04-18 周一,20°,13°,多云,东南风1级,35 优
2022-04-19 周二,22°,14°,多云~晴,东南风2级,56 良
2022-04-20 周三,24°,16°,多云~小雨,东南风3级,63 良
2022-04-21 周四,26°,17°,晴,南风3级,66 良
2022-04-22 周五,29°,18°,多云~中雨,南风2级,62 良
2022-04-23 周六,20°,16°,中雨~阴,东南风2级,32 优
2022-04-24 周日,22°,18°,多云~阴,东南风2级,15 优
2022-04-25 周一,27°,20°,多云~小雨,东南风3级,30 优
2022-04-26 周二,22°,15°,小雨~阴,西北风3级,25 优
2022-04-27 周三,22°,15°,多云~晴,东北风3级,52 良
2022-04-28 周四,20°,13°,多云~中雨,东北风2级,73 良
2022-04-29 周五,15°,12°,多云,北风3级,26 优
2022-04-30 周六,17°,13°,多云~阴,东北风2级,32 优

2022-05-01 周日,21°,14°,多云~阴,北风2级,37 优
2022-05-02 周一,24°,15°,多云,西风2级,62 良
2022-05-03 周二,27°,16°,多云,东南风2级,73 良
2022-05-04 周三,27°,15°,多云~晴,东南风3级,75 良
2022-05-05 周四,27°,18°,晴~多云,东南风3级,36 优
2022-05-06 周五,30°,18°,多云~阴,东南风3级,37 优
2022-05-07 周六,27°,17°,多云,东北风3级,25 优
2022-05-08 周日,24°,16°,多云~阴,东北风3级,31 优
2022-05-09 周一,23°,17°,多云~小雨,东北风3级,30 优
2022-05-10 周二,21°,18°,多云~阴,东南风3级,31 优
2022-05-11 周三,22°,18°,多云~阴,东北风2级,30 优
2022-05-12 周四,19°,16°,小雨,东北风2级,26 优
2022-05-13 周五,16°,14°,小雨~多云,东北风3级,29 优
2022-05-14 周六,22°,16°,多云~阴,东北风2级,36 优
2022-05-15 周日,22°,16°,多云~阴,西北风2级,37 优
2022-05-16 周一,26°,17°,多云,西南风2级,54 良
2022-05-17 周二,28°,17°,晴~多云,南风3级,71 良
2022-05-18 周三,27°,17°,多云~阴,东南风3级,44 优
2022-05-19 周四,22°,18°,多云~小雨,东南风3级,40 优
2022-05-20 周五,21°,18°,小雨~阴,东北风2级,38 优
2022-05-21 周六,26°,18°,多云~阴,东风2级,29 优
2022-05-22 周日,27°,19°,多云~阴,东南风3级,37 优
2022-05-23 周一,26°,19°,多云~小雨,东南风3级,26 优
2022-05-24 周二,19°,18°,小雨~多云,东南风3级,22 优
2022-05-25 周三,26°,19°,多云~阴,东南风2级,30 优
2022-05-26 周四,22°,20°,多云~阴,东风2级,36 优
2022-05-27 周五,28°,20°,多云~阴,东南风2级,65 良
2022-05-28 周六,24°,20°,小雨,东南风3级,35 优
2022-05-29 周日,24°,23°,小雨~阴,南风2级,27 优
2022-05-30 周一,30°,20°,多云,北风2级,57 良
2022-05-31 周二,29°,20°,多云~小雨,东南风3级,27 优

2022-06-01 周三,29°,21°,多云,西南风2级,50 优
2022-06-02 周四,28°,21°,多云,东南风3级,67 良
2022-06-03 周五,26°,22°,多云~小雨,东南风3级,25 优
2022-06-04 周六,29°,23°,小雨,东南风3级,30 优
2022-06-05 周日,25°,20°,大雨~多云,西北风2级,28 优
2022-06-06 周一,32°,21°,多云~小雨,西南风2级,47 优
2022-06-07 周二,29°,18°,多云,北风3级,46 优
2022-06-08 周三,29°,21°,多云,东南风2级,31 优
2022-06-09 周四,28°,21°,晴~阴,东南风3级,41 优
2022-06-10 周五,23°,21°,小雨~阴,东南风3级,28 优
2022-06-11 周六,24°,21°,多云~阴,东北风3级,33 优
2022-06-12 周日,23°,20°,阴~小雨,东南风2级,33 优
2022-06-13 周一,23°,20°,小雨~阴,东风2级,25 优
2022-06-14 周二,29°,22°,多云~晴,南风2级,56 良
2022-06-15 周三,34°,24°,多云~晴,南风2级,81 良
2022-06-16 周四,32°,24°,多云~晴,东南风2级,76 良
2022-06-17 周五,34°,24°,多云~阴,东南风2级,52 良
2022-06-18 周六,33°,24°,阴,东南风3级,36 优
2022-06-19 周日,31°,24°,多云~小雨,东南风2级,48 优
2022-06-20 周一,31°,24°,多云,东风2级,20 优
2022-06-21 周二,29°,25°,多云,东风2级,26 优
2022-06-22 周三,34°,29°,阴~多云,西南风3级,42 优
2022-06-23 周四,37°,27°,阴~小雨,西南风3级,31 优
2022-06-24 周五,26°,25°,小雨,西南风3级,22 优
2022-06-25 周六,32°,27°,多云,西南风3级,36 优
2022-06-26 周日,35°,27°,多云~阴,南风3级,35 优
2022-06-27 周一,36°,28°,阴,南风3级,26 优
2022-06-28 周二,33°,26°,多云~小雨,南风3级,28 优
2022-06-29 周三,35°,26°,大雨~小雨,南风3级,30 优
2022-06-30 周四,32°,26°,多云,东南风3级,23 优

2022-07-01 周五,32°,26°,晴,东南风4级,23 优
2022-07-02 周六,32°,26°,多云~晴,东南风3级,20 优
2022-07-03 周日,32°,26°,多云~阴,东南风3级,21 优
2022-07-04 周一,34°,27°,阴~多云,东南风2级,19 优
2022-07-05 周二,37°,29°,多云~阴,东南风3级,35 优
2022-07-06 周三,36°,29°,阴~多云,南风3级,34 优
2022-07-07 周四,36°,28°,多云~晴,西南风1级,40 优
2022-07-08 周五,38°,29°,多云~晴,西南风1级,38 优
2022-07-09 周六,37°,29°,阴~多云,东北风2级,46 优
2022-07-10 周日,40°,30°,多云~小雨,西南风2级,57 良
2022-07-11 周一,37°,30°,多云~阴,东南风2级,35 优
2022-07-12 周二,38°,30°,多云~阴,东南风2级,53 良
2022-07-13 周三,40°,30°,多云~阴,南风2级,58 良
2022-07-14 周四,40°,31°,多云~阴,西南风2级,51 良
2022-07-15 周五,37°,27°,小雨,西北风2级,52 良
2022-07-16 周六,32°,28°,小雨~阴,东北风1级,48 优
2022-07-17 周日,37°,27°,中雨~小雨,西南风2级,52 良
2022-07-18 周一,33°,27°,小雨~阴,西风2级,38 优
2022-07-19 周二,31°,27°,小雨~阴,东北风1级,36 优
2022-07-20 周三,38°,28°,多云~阴,西南风2级,41 优
2022-07-21 周四,34°,27°,阴,西北风2级,30 优
2022-07-22 周五,36°,29°,多云~阴,西北风2级,68 良
2022-07-23 周六,38°,27°,多云~晴,西风3级,51 良
2022-07-24 周日,33°,27°,阴~多云,西北风2级,56 良
2022-07-25 周一,35°,29°,多云,东南风3级,48 优
2022-07-26 周二,36°,27°,阴~中雨,东南风2级,50 优
2022-07-27 周三,37°,29°,多云~阴,东南风2级,57 良
2022-07-28 周四,33°,28°,阴~晴,东南风2级,47 优
2022-07-29 周五,33°,28°,多云~小雨,东南风3级,21 优
2022-07-30 周六,32°,27°,小雨~阴,东北风2级,22 优
2022-07-31 周日,36°,28°,多云~阴,西北风2级,29 优

2022-08-01 周一,36°,28°,多云,北风2级,34 优
2022-08-02 周二,36°,29°,阴~多云,东南风2级,50 优
2022-08-03 周三,36°,28°,多云~晴,东南风3级,26 优
2022-08-04 周四,37°,30°,晴,东南风3级,28 优
2022-08-05 周五,40°,29°,晴,南风2级,50 优
2022-08-06 周六,36°,29°,多云~晴,西南风2级,42 优
2022-08-07 周日,38°,29°,多云~晴,南风3级,34 优
2022-08-08 周一,38°,29°,晴,东南风3级,25 优
2022-08-09 周二,38°,29°,多云~阴,南风3级,31 优
2022-08-10 周三,40°,29°,阴,南风2级,40 优
2022-08-11 周四,40°,29°,多云~阴,东南风2级,48 优
2022-08-12 周五,39°,29°,小雨~多云,南风2级,50 优
2022-08-13 周六,39°,29°,多云,南风2级,56 良
2022-08-14 周日,39°,29°,多云,东南风2级,40 优
2022-08-15 周一,39°,29°,多云,南风3级,42 优
2022-08-16 周二,39°,26°,阴~小雨,西南风2级,41 优
2022-08-17 周三,35°,28°,阴,东北风2级,44 优
2022-08-18 周四,36°,29°,阴,东南风2级,42 优
2022-08-19 周五,40°,30°,多云,南风3级,34 优
2022-08-20 周六,38°,28°,阴,西北风2级,45 优
2022-08-21 周日,32°,28°,多云~小雨,东风2级,41 优
2022-08-22 周一,39°,30°,多云~阴,南风2级,46 优
2022-08-23 周二,39°,28°,大雨~阴,东北风2级,58 良
2022-08-24 周三,30°,28°,阴~多云,东北风3级,34 优
2022-08-25 周四,34°,26°,多云~中雨,东北风2级,32 优
2022-08-26 周五,29°,25°,多云~中雨,东北风2级,35 优
2022-08-27 周六,27°,24°,小雨~多云,东北风2级,31 优
2022-08-28 周日,29°,25°,多云~阴,东风3级,29 优
2022-08-29 周一,33°,27°,阴,东南风3级,36 优
2022-08-30 周二,33°,25°,阴~小雨,东北风2级,45 优
2022-08-31 周三,26°,23°,小雨~阴,北风3级,25 优

2022-09-01 周四,29°,24°,多云~阴,东北风3级,35 优
2022-09-02 周五,28°,24°,多云~小雨,东北风3级,29 优
2022-09-03 周六,30°,25°,小雨,东北风3级,21 优
2022-09-04 周日,32°,26°,小雨,东北风3级,21 优
2022-09-05 周一,24°,20°,中雨~多云,西北风4级,17 优
2022-09-06 周二,30°,23°,多云,西北风2级,65 良
2022-09-07 周三,33°,24°,阴,东南风2级,76 良
2022-09-08 周四,31°,23°,阴~多云,东风2级,42 优
2022-09-09 周五,30°,22°,多云~晴,东北风2级,32 优
2022-09-10 周六,30°,22°,多云~晴,东北风2级,34 优
2022-09-11 周日,29°,24°,多云~小雨,东北风2级,31 优
2022-09-12 周一,27°,22°,小雨~大雨,东北风2级,29 优
2022-09-13 周二,25°,23°,多云~大雨,东北风3级,21 优
2022-09-14 周三,25°,23°,多云~暴雨,东北风4级,20 优
2022-09-15 周四,26°,22°,多云~晴,西南风4级,21 优
2022-09-16 周五,29°,23°,阴~多云,西风1级,49 优
2022-09-17 周六,30°,23°,多云~晴,北风2级,58 良
2022-09-18 周日,27°,22°,多云,西北风3级,38 优
2022-09-19 周一,28°,20°,晴,西北风4级,58 良
2022-09-20 周二,26°,21°,多云,北风3级,43 优
2022-09-21 周三,24°,20°,多云,东北风2级,32 优
2022-09-22 周四,28°,21°,多云,东南风2级,37 优
2022-09-23 周五,28°,18°,多云,北风3级,52 良
2022-09-24 周六,25°,20°,多云~晴,东北风3级,30 优
2022-09-25 周日,26°,20°,阴~多云,东北风2级,32 优
2022-09-26 周一,25°,21°,多云,东北风2级,36 优
2022-09-27 周二,27°,20°,多云,东北风2级,31 优
2022-09-28 周三,24°,20°,小雨,东北风2级,32 优
2022-09-29 周四,26°,22°,多云,东北风2级,31 优
2022-09-30 周五,25°,23°,阴~多云,东南风2级,28 优

2022-10-01 周六,31°,25°,阴~晴,东南风3级,43 优
2022-10-02 周日,32°,25°,晴,东南风3级,31 优
2022-10-03 周一,36°,22°,阴,东南风3级,41 优
2022-10-04 周二,24°,18°,小雨~阴,北风4级,28 优
2022-10-05 周三,20°,16°,阴,东北风3级,27 优
2022-10-06 周四,18°,15°,小雨,东北风3级,22 优
2022-10-07 周五,18°,16°,小雨~阴,东北风3级,22 优
2022-10-08 周六,19°,15°,多云~小雨,东北风2级,31 优
2022-10-09 周日,21°,12°,阴~多云,西北风3级,41 优
2022-10-10 周一,18°,11°,阴~多云,西北风3级,45 优
2022-10-11 周二,19°,15°,阴~多云,北风2级,34 优
2022-10-12 周三,20°,16°,阴~多云,东北风2级,28 优
2022-10-13 周四,22°,18°,阴~多云,东北风2级,29 优
2022-10-14 周五,22°,16°,多云,东北风2级,37 优
2022-10-15 周六,23°,17°,阴,东北风2级,40 优
2022-10-16 周日,22°,16°,多云,东北风2级,44 优
2022-10-17 周一,21°,12°,多云~晴,北风4级,55 良
2022-10-18 周二,19°,13°,晴,北风3级,31 优
2022-10-19 周三,20°,14°,阴~晴,东北风2级,29 优
2022-10-20 周四,22°,15°,多云,东风2级,31 优
2022-10-21 周五,25°,18°,多云~晴,东南风2级,40 优
2022-10-22 周六,25°,16°,多云~晴,东北风2级,45 优
2022-10-23 周日,21°,14°,晴,东北风3级,41 优
2022-10-24 周一,21°,14°,晴~阴,东北风3级,31 优
2022-10-25 周二,20°,15°,多云,东北风3级,28 优
2022-10-26 周三,20°,16°,多云~小雨,东风2级,30 优
2022-10-27 周四,20°,16°,多云~阴,东北风3级,21 优
2022-10-28 周五,19°,15°,多云~阴,东北风3级,36 优
2022-10-29 周六,21°,16°,多云,东北风3级,30 优
2022-10-30 周日,22°,17°,多云,东北风3级,35 优
2022-10-31 周一,22°,15°,多云~阴,东北风3级,30 优

2022-11-01 周二,21°,15°,多云,东北风3级,38 优
2022-11-02 周三,21°,13°,晴~多云,东北风2级,50 优
2022-11-03 周四,19°,13°,晴~多云,东北风2级,35 优
2022-11-04 周五,18°,11°,多云~晴,东北风3级,35 优
2022-11-05 周六,18°,12°,多云~晴,东北风2级,40 优
2022-11-06 周日,19°,13°,多云~晴,东南风2级,31 优
2022-11-07 周一,22°,14°,晴,东南风2级,37 优
2022-11-08 周二,22°,16°,晴,东南风2级,35 优
2022-11-09 周三,22°,16°,多云,东南风3级,46 优
2022-11-10 周四,26°,19°,多云,东风2级,57 良
2022-11-11 周五,21°,20°,小雨~多云,东南风3级,43 优
2022-11-12 周六,26°,14°,多云~阴,东南风3级,33 优
2022-11-13 周日,15°,11°,多云,北风3级,33 优
2022-11-14 周一,13°,9°,多云~小雨,西北风2级,43 优
2022-11-15 周二,16°,10°,多云,北风2级,82 良
2022-11-16 周三,18°,14°,阴~中雨,东风2级,100 良
2022-11-17 周四,17°,14°,小雨~阴,东北风3级,24 优
2022-11-18 周五,20°,16°,多云~小雨,东北风3级,30 优
2022-11-19 周六,20°,16°,小雨~多云,东北风2级,46 优
2022-11-20 周日,19°,14°,多云~晴,西北风2级,66 良
2022-11-21 周一,21°,16°,多云~中雨,东风2级,62 良
2022-11-22 周二,18°,14°,多云~阴,西南风3级,56 良
2022-11-23 周三,18°,13°,多云~晴,北风3级,27 优
2022-11-24 周四,18°,14°,多云~晴,东风2级,39 优
2022-11-25 周五,20°,14°,多云~晴,东南风2级,41 优
2022-11-26 周六,20°,15°,多云,东北风2级,67 良
2022-11-27 周日,20°,17°,多云~阴,东南风3级,43 优
2022-11-28 周一,22°,12°,中雨~小雨,南风3级,32 优
2022-11-29 周二,15°,4°,中雨~小雨,北风4级,29 优
2022-11-30 周三,4°,3°,小雨,西北风4级,27 优

2022-12-01 周四,5°,3°,多云~小雨,西北风3级,-
2022-12-02 周五,8°,7°,多云~小雨,西北风2级,-
2022-12-03 周六,10°,8°,小雨,北风3级,-
2022-12-04 周日,10°,7°,小雨,东北风4级,-
2022-12-05 周一,10°,5°,多云~晴,西北风3级,-
2022-12-06 周二,12°,7°,多云,东北风2级,-
2022-12-07 周三,13°,10°,多云,东北风2级,-
2022-12-08 周四,16°,11°,多云~小雨,东风2级,-
2022-12-09 周五,13°,11°,小雨,东北风1级,-
2022-12-10 周六,12°,7°,多云~阴,西北风3级,-
2022-12-11 周日,10°,6°,多云,北风3级,-
2022-12-12 周一,9°,3°,多云~晴,西北风3级,-
2022-12-13 周二,11°,3°,晴,西北风3级,-
2022-12-14 周三,7°,1°,晴,北风2级,-
2022-12-15 周四,12°,5°,晴~阴,东南风2级,-
2022-12-16 周五,11°,0°,阴~小雨,东北风3级,-
2022-12-17 周六,4°,-3°,多云~晴,西北风4级,-
2022-12-18 周日,4°,0°,晴,西北风3级,-
2022-12-19 周一,9°,2°,晴,西南风1级,-
2022-12-20 周二,12°,5°,多云~阴,东南风3级,-
2022-12-21 周三,11°,2°,阴~晴,西北风4级,-
2022-12-22 周四,6°,-1°,晴,西北风4级,-
2022-12-23 周五,4°,-1°,晴,西北风3级,-
2022-12-24 周六,5°,0°,晴,西北风4级,-
2022-12-25 周日,6°,1°,多云,西北风3级,-
2022-12-26 周一,7°,2°,多云~晴,西北风2级,-
2022-12-27 周二,9°,4°,多云~阴,北风2级,-
2022-12-28 周三,7°,5°,多云,北风2级,-
2022-12-29 周四,6°,4°,多云,东北风2级,-
2022-12-30 周五,7°,3°,多云~晴,东北风2级,-
2022-12-31 周六,10°,4°,多云,东北风2级,92 良

2022-01-01 周六,21°,14°,晴~多云,东风2级,68 良
2022-01-02 周日,23°,15°,晴~多云,东北风2级,79 良
2022-01-03 周一,23°,16°,多云,东南风2级,42 优
2022-01-04 周二,24°,17°,多云~阴,东南风2级,48 优
2022-01-05 周三,25°,17°,多云,东南风2级,39 优
2022-01-06 周四,23°,14°,多云,东北风2级,58 良
2022-01-07 周五,21°,17°,晴,东北风2级,54 良
2022-01-08 周六,21°,15°,晴~多云,东风2级,49 优
2022-01-09 周日,21°,15°,多云,东北风2级,47 优
2022-01-10 周一,20°,13°,多云~阴,东北风2级,41 优
2022-01-11 周二,16°,12°,小雨~多云,东北风3级,26 优
2022-01-12 周三,17°,12°,多云~晴,东北风2级,43 优
2022-01-13 周四,18°,14°,小雨~多云,东北风2级,50 优
2022-01-14 周五,17°,14°,多云,东风3级,60 良
2022-01-15 周六,23°,17°,多云,东南风2级,53 良
2022-01-16 周日,23°,14°,晴~小雨,东南风2级,44 优
2022-01-17 周一,19°,14°,多云~小雨,东北风2级,51 良
2022-01-18 周二,17°,15°,多云,东北风2级,41 优
2022-01-19 周三,20°,15°,多云,东北风2级,27 优
2022-01-20 周四,22°,15°,多云,东风2级,40 优
2022-01-21 周五,22°,16°,多云~阴,东风2级,43 优
2022-01-22 周六,18°,17°,小雨,东风2级,21 优
2022-01-23 周日,23°,16°,小雨,东北风2级,23 优
2022-01-24 周一,23°,15°,雾~小雨,东北风1级,27 优
2022-01-25 周二,19°,16°,多云~小雨,东风2级,19 优
2022-01-26 周三,22°,17°,多云~阴,东风2级,26 优
2022-01-27 周四,24°,17°,小雨~阴,东南风2级,43 优
2022-01-28 周五,21°,15°,雾~小雨,东南风2级,33 优
2022-01-29 周六,21°,10°,多云~阵雨,西北风2级,19 优
2022-01-30 周日,17°,10°,多云,东北风3级,17 优
2022-01-31 周一,12°,10°,多云~小雨,东北风3级,21 优

2022-02-01 周二,11°,10°,中雨~小雨,东北风3级,21 优
2022-02-02 周三,14°,10°,多云~阵雨,东北风2级,13 优
2022-02-03 周四,11°,9°,多云,北风3级,7 优
2022-02-04 周五,15°,9°,多云,东北风3级,16 优
2022-02-05 周六,16°,12°,多云,东北风2级,20 优
2022-02-06 周日,19°,14°,多云~中雨,东北风2级,27 优
2022-02-07 周一,17°,11°,小雨~阴,东北风3级,26 优
2022-02-08 周二,17°,12°,多云~阴,东北风2级,11 优
2022-02-09 周三,16°,13°,多云,东北风2级,22 优
2022-02-10 周四,18°,15°,多云,东北风2级,27 优
2022-02-11 周五,24°,15°,多云,东南风2级,24 优
2022-02-12 周六,25°,15°,多云~阴,东南风2级,38 优
2022-02-13 周日,16°,12°,小雨,北风2级,28 优
2022-02-14 周一,21°,13°,多云~晴,东北风2级,20 优
2022-02-15 周二,21°,15°,多云~小雨,东风2级,33 优
2022-02-16 周三,19°,16°,多云,东南风3级,38 优
2022-02-17 周四,16°,14°,小雨~阴,东风3级,33 优
2022-02-18 周五,19°,10°,多云~阴,东风3级,23 优
2022-02-19 周六,11°,7°,多云~中雨,东北风3级,12 优
2022-02-20 周日,7°,6°,多云~暴雨,东北风4级,7 优
2022-02-21 周一,8°,7°,多云~中雨,东北风3级,8 优
2022-02-22 周二,10°,8°,中雨~小雨,北风3级,11 优
2022-02-23 周三,14°,7°,阴~多云,东北风3级,13 优
2022-02-24 周四,15°,9°,阴~多云,东北风3级,28 优
2022-02-25 周五,19°,13°,阴~多云,东北风2级,35 优
2022-02-26 周六,22°,14°,阴~晴,东南风1级,60 良
2022-02-27 周日,23°,15°,阴,东南风2级,77 良
2022-02-28 周一,25°,17°,阴~多云,东南风2级,33 优

2022-03-01 周二,27°,17°,阴~多云,东南风2级,45 优
2022-03-02 周三,27°,17°,阴~多云,东南风2级,56 良
2022-03-03 周四,24°,18°,阴~多云,东南风3级,46 优
2022-03-04 周五,27°,18°,阴~多云,东南风2级,39 优
2022-03-05 周六,26°,18°,阴~多云,南风2级,46 优
2022-03-06 周日,22°,16°,阴~小雨,东南风3级,40 优
2022-03-07 周一,23°,12°,阴~多云,东北风3级,39 优
2022-03-08 周二,22°,14°,多云~晴,东风3级,28 优
2022-03-09 周三,24°,15°,晴,东南风3级,32 优
2022-03-10 周四,26°,17°,晴,东南风3级,32 优
2022-03-11 周五,26°,18°,多云,东南风2级,32 优
2022-03-12 周六,28°,19°,多云~晴,东南风2级,30 优
2022-03-13 周日,27°,20°,多云,东南风2级,30 优
2022-03-14 周一,29°,21°,多云~晴,南风2级,29 优
2022-03-15 周二,28°,21°,多云,东南风2级,29 优
2022-03-16 周三,25°,21°,多云~阵雨,东南风2级,23 优
2022-03-17 周四,28°,21°,多云,南风2级,17 优
2022-03-18 周五,28°,20°,多云,西南风2级,48 优
2022-03-19 周六,29°,21°,多云,东南风2级,44 优
2022-03-20 周日,22°,20°,小雨~多云,东南风3级,31 优
2022-03-21 周一,27°,21°,多云,东南风3级,34 优
2022-03-22 周二,29°,17°,多云~雷阵雨,东南风3级,33 优
2022-03-23 周三,19°,14°,中雨~小雨,东北风2级,15 优
2022-03-24 周四,19°,15°,阵雨,东北风3级,15 优
2022-03-25 周五,25°,20°,小雨~雷阵雨,东南风3级,19 优
2022-03-26 周六,26°,17°,多云~雷阵雨,南风3级,25 优
2022-03-27 周日,24°,16°,多云~阵雨,东北风2级,28 优
2022-03-28 周一,19°,15°,阵雨,东北风2级,20 优
2022-03-29 周二,20°,18°,小雨~雷阵雨,东风2级,25 优
2022-03-30 周三,27°,21°,多云,东风2级,33 优
2022-03-31 周四,30°,18°,多云~阵雨,东南风2级,24 优

2022-04-01 周五,22°,12°,多云~小雨,东北风3级,25 优
2022-04-02 周六,14°,13°,小雨~多云,东北风4级,20 优
2022-04-03 周日,19°,15°,多云~晴,东北风3级,31 优
2022-04-04 周一,26°,16°,晴,东南风2级,48 优
2022-04-05 周二,27°,17°,晴,东南风2级,60 良
2022-04-06 周三,27°,19°,多云~晴,东南风2级,52 良
2022-04-07 周四,27°,19°,多云~晴,东南风2级,44 优
2022-04-08 周五,29°,19°,晴,东南风2级,56 良
2022-04-09 周六,28°,19°,晴,东南风2级,34 优
2022-04-10 周日,29°,20°,晴,东南风2级,40 优
2022-04-11 周一,29°,21°,多云,南风2级,34 优
2022-04-12 周二,29°,22°,多云,南风2级,22 优
2022-04-13 周三,26°,21°,多云~阵雨,西南风3级,26 优
2022-04-14 周四,29°,21°,晴,西北风2级,44 优
2022-04-15 周五,27°,21°,多云~阴,东南风3级,34 优
2022-04-16 周六,24°,19°,多云~阴,东南风4级,39 优
2022-04-17 周日,23°,20°,多云~阴,东风2级,50 优
2022-04-18 周一,22°,17°,多云~阴,东北风2级,43 优
2022-04-19 周二,19°,18°,小雨~阴,东北风2级,17 优
2022-04-20 周三,26°,20°,多云~阴,东风2级,34 优
2022-04-21 周四,29°,22°,多云,东南风2级,44 优
2022-04-22 周五,29°,22°,多云,东南风2级,24 优
2022-04-23 周六,29°,24°,多云,南风2级,22 优
2022-04-24 周日,29°,25°,小雨~多云,南风3级,18 优
2022-04-25 周一,30°,25°,多云,东南风3级,19 优
2022-04-26 周二,30°,25°,多云,南风3级,24 优
2022-04-27 周三,31°,25°,多云,南风3级,22 优
2022-04-28 周四,32°,26°,多云~晴,东南风3级,22 优
2022-04-29 周五,32°,24°,多云,南风2级,25 优
2022-04-30 周六,28°,20°,多云~阵雨,东南风2级,26 优

2022-05-01 周日,18°,17°,大雨~小雨,东北风4级,17 优
2022-05-02 周一,19°,18°,多云,东北风3级,15 优
2022-05-03 周二,26°,21°,多云~晴,东北风2级,34 优
2022-05-04 周三,29°,22°,多云,东南风2级,47 优
2022-05-05 周四,29°,22°,多云,东南风2级,36 优
2022-05-06 周五,29°,22°,多云,东南风2级,36 优
2022-05-07 周六,29°,22°,小雨~阵雨,东风2级,38 优
2022-05-08 周日,26°,23°,小雨~阴,东风2级,30 优
2022-05-09 周一,29°,23°,多云~阵雨,东南风2级,37 优
2022-05-10 周二,28°,23°,多云~大雨,东南风2级,20 优
2022-05-11 周三,25°,23°,暴雨,东南风2级,14 优
2022-05-12 周四,25°,23°,暴雨,东南风3级,12 优
2022-05-13 周五,26°,23°,小雨~大雨,南风1级,12 优
2022-05-14 周六,26°,21°,小雨~大雨,东风2级,21 优
2022-05-15 周日,24°,18°,小雨~阵雨,东北风3级,12 优
2022-05-16 周一,19°,18°,小雨~多云,东北风3级,14 优
2022-05-17 周二,27°,20°,多云~晴,东北风2级,34 优
2022-05-18 周三,29°,21°,多云,东南风2级,35 优
2022-05-19 周四,30°,23°,多云,东南风2级,36 优
2022-05-20 周五,30°,24°,多云,南风2级,39 优
2022-05-21 周六,31°,24°,多云~阵雨,南风2级,36 优
2022-05-22 周日,28°,24°,小雨~阵雨,东南风3级,33 优
2022-05-23 周一,26°,24°,多云~阴,东南风3级,27 优
2022-05-24 周二,28°,25°,多云~阵雨,东风2级,21 优
2022-05-25 周三,30°,25°,小雨~阵雨,东南风2级,17 优
2022-05-26 周四,30°,26°,阴,东南风2级,16 优
2022-05-27 周五,28°,26°,暴雨~大雨,南风3级,21 优
2022-05-28 周六,31°,26°,小雨~阵雨,东南风3级,20 优
2022-05-29 周日,31°,26°,多云,东南风3级,17 优
2022-05-30 周一,32°,26°,小雨~阵雨,东南风2级,18 优
2022-05-31 周二,31°,26°,小雨~阵雨,东南风2级,23 优

2022-06-01 周三,31°,27°,多云~雷阵雨,南风3级,24 优
2022-06-02 周四,30°,27°,多云~阵雨,南风3级,19 优
2022-06-03 周五,30°,26°,小雨~雷阵雨,南风3级,25 优
2022-06-04 周六,31°,26°,多云~阵雨,南风3级,24 优
2022-06-05 周日,31°,25°,多云~大雨,西南风3级,23 优
2022-06-06 周一,30°,25°,中雨~暴雨,西南风3级,23 优
2022-06-07 周二,29°,24°,多云~暴雨,西南风2级,18 优
2022-06-08 周三,27°,24°,暴雨,东南风2级,16 优
2022-06-09 周四,28°,25°,小雨~阵雨,东南风2级,15 优
2022-06-10 周五,29°,25°,多云~雷阵雨,南风3级,16 优
2022-06-11 周六,26°,25°,小雨~阵雨,南风2级,18 优
2022-06-12 周日,30°,26°,多云~阵雨,南风3级,23 优
2022-06-13 周一,30°,26°,中雨~阵雨,西南风3级,27 优
2022-06-14 周二,28°,25°,中雨~大雨,西南风3级,24 优
2022-06-15 周三,30°,25°,小雨~阵雨,南风2级,22 优
2022-06-16 周四,29°,26°,小雨~雷阵雨,西南风2级,17 优
2022-06-17 周五,30°,27°,多云~雷阵雨,南风3级,17 优
2022-06-18 周六,30°,27°,多云~雷阵雨,南风3级,17 优
2022-06-19 周日,30°,27°,多云~雷阵雨,南风3级,21 优
2022-06-20 周一,30°,27°,小雨~多云,南风3级,24 优
2022-06-21 周二,30°,27°,多云,南风3级,22 优
2022-06-22 周三,32°,27°,多云~晴,南风3级,17 优
2022-06-23 周四,32°,27°,晴,南风2级,17 优
2022-06-24 周五,32°,27°,多云~晴,西南风2级,15 优
2022-06-25 周六,31°,27°,多云,西南风3级,15 优
2022-06-26 周日,32°,27°,多云~晴,南风3级,13 优
2022-06-27 周一,32°,27°,晴,南风2级,13 优
2022-06-28 周二,34°,27°,多云~晴,南风2级,13 优
2022-06-29 周三,33°,27°,多云~阵雨,东南风2级,15 优
2022-06-30 周四,29°,26°,中雨~暴雨,东风3级,17 优

2022-07-01 周五,31°,25°,小雨~暴雨,东北风4级,15 优
2022-07-02 周六,27°,25°,大雨,东南风5级,19 优
2022-07-03 周日,29°,26°,小雨~中雨,南风5级,25 优
2022-07-04 周一,29°,26°,小雨~中雨,南风3级,28 优
2022-07-05 周二,28°,26°,中雨~阵雨,南风3级,20 优
2022-07-06 周三,30°,27°,多云~阵雨,东南风2级,23 优
2022-07-07 周四,31°,27°,小雨~多云,东南风3级,22 优
2022-07-08 周五,34°,27°,多云,东南风2级,19 优
2022-07-09 周六,33°,27°,多云,东南风2级,14 优
2022-07-10 周日,33°,28°,多云~晴,东南风2级,15 优
2022-07-11 周一,34°,28°,多云~晴,东南风2级,20 优
2022-07-12 周二,33°,27°,多云~晴,东南风2级,15 优
2022-07-13 周三,34°,27°,多云~晴,东南风2级,18 优
2022-07-14 周四,34°,27°,多云,南风2级,15 优
2022-07-15 周五,33°,27°,多云,西南风2级,16 优
2022-07-16 周六,32°,27°,小雨~多云,西南风3级,20 优
2022-07-17 周日,32°,28°,多云~晴,西南风4级,25 优
2022-07-18 周一,32°,28°,多云~晴,西南风3级,21 优
2022-07-19 周二,32°,28°,小雨~晴,南风3级,21 优
2022-07-20 周三,34°,28°,多云~晴,东南风3级,15 优
2022-07-21 周四,34°,28°,多云~晴,南风3级,15 优
2022-07-22 周五,35°,28°,晴,西南风2级,29 优
2022-07-23 周六,36°,28°,晴,西南风3级,26 优
2022-07-24 周日,35°,28°,晴,西南风3级,31 优
2022-07-25 周一,35°,28°,多云~晴,西南风3级,45 优
2022-07-26 周二,34°,28°,多云~晴,南风3级,25 优
2022-07-27 周三,34°,28°,多云~晴,西南风3级,21 优
2022-07-28 周四,35°,28°,多云~晴,西南风3级,39 优
2022-07-29 周五,35°,28°,多云~晴,西南风2级,42 优
2022-07-30 周六,32°,28°,小雨~多云,西南风2级,46 优
2022-07-31 周日,34°,28°,多云~晴,西南风2级,71 良

2022-08-01 周一,35°,28°,多云~晴,西南风3级,19 优
2022-08-02 周二,35°,27°,多云,西南风2级,19 优
2022-08-03 周三,31°,25°,中雨~阵雨,东南风2级,33 优
2022-08-04 周四,29°,25°,大雨,东南风2级,16 优
2022-08-05 周五,28°,26°,中雨~雷阵雨,东南风3级,13 优
2022-08-06 周六,31°,26°,大雨~多云,东南风2级,22 优
2022-08-07 周日,33°,27°,多云,东风3级,23 优
2022-08-08 周一,32°,26°,小雨~大雨,东风3级,22 优
2022-08-09 周二,27°,25°,大雨~暴雨,东风4级,17 优
2022-08-10 周三,29°,26°,大雨,东南风4级,16 优
2022-08-11 周四,30°,26°,大雨~阵雨,东南风3级,15 优
2022-08-12 周五,28°,26°,大雨~多云,东南风2级,20 优
2022-08-13 周六,32°,25°,多云,东南风2级,22 优
2022-08-14 周日,33°,27°,多云,南风2级,22 优
2022-08-15 周一,34°,27°,多云,南风2级,22 优
2022-08-16 周二,33°,27°,多云~阵雨,东南风2级,23 优
2022-08-17 周三,32°,26°,中雨~阵雨,东南风2级,14 优
2022-08-18 周四,30°,26°,多云~阵雨,东南风2级,16 优
2022-08-19 周五,32°,26°,小雨~大雨,东风2级,18 优
2022-08-20 周六,31°,26°,中雨~阵雨,东南风3级,21 优
2022-08-21 周日,33°,26°,多云,东南风2级,20 优
2022-08-22 周一,34°,28°,多云~晴,西南风2级,28 优
2022-08-23 周二,36°,28°,多云,西南风2级,50 优
2022-08-24 周三,34°,26°,多云~暴雨,东北风3级,42 优
2022-08-25 周四,29°,26°,中雨~阵雨,东南风4级,24 优
2022-08-26 周五,32°,27°,多云,东南风2级,22 优
2022-08-27 周六,33°,28°,多云,西南风2级,33 优
2022-08-28 周日,34°,28°,中雨~多云,西南风2级,40 优
2022-08-29 周一,33°,27°,中雨~多云,东南风2级,33 优
2022-08-30 周二,32°,27°,中雨~多云,南风2级,35 优
2022-08-31 周三,32°,26°,小雨,南风1级,55 良

2022-09-01 周四,32°,27°,多云,东北风2级,49 优
2022-09-02 周五,31°,26°,多云~晴,北风3级,31 优
2022-09-03 周六,32°,25°,多云~晴,西北风3级,46 优
2022-09-04 周日,33°,26°,多云~晴,西北风3级,39 优
2022-09-05 周一,33°,27°,多云~晴,西北风2级,57 良
2022-09-06 周二,34°,26°,多云~阴,东南风2级,62 良
2022-09-07 周三,30°,25°,多云~阵雨,东风3级,39 优
2022-09-08 周四,32°,26°,小雨~晴,东风2级,35 优
2022-09-09 周五,32°,26°,多云,西南风2级,63 良
2022-09-10 周六,32°,26°,多云,南风2级,61 良
2022-09-11 周日,33°,27°,多云~晴,西南风2级,61 良
2022-09-12 周一,35°,28°,晴~多云,西风2级,61 良
2022-09-13 周二,35°,27°,晴,西北风2级,68 良
2022-09-14 周三,34°,27°,晴,西北风2级,73 良
2022-09-15 周四,34°,27°,晴,西南风2级,83 良
2022-09-16 周五,34°,27°,晴,西南风2级,88 良
2022-09-17 周六,34°,28°,晴,西南风2级,73 良
2022-09-18 周日,34°,27°,多云~晴,西南风2级,58 良
2022-09-19 周一,33°,26°,多云~阵雨,西南风2级,55 良
2022-09-20 周二,32°,25°,多云,东南风3级,48 优
2022-09-21 周三,31°,26°,多云,东南风3级,43 优
2022-09-22 周四,32°,26°,多云,东南风2级,40 优
2022-09-23 周五,31°,26°,多云,东南风2级,63 良
2022-09-24 周六,30°,26°,多云,东风2级,43 优
2022-09-25 周日,33°,26°,多云,东南风2级,61 良
2022-09-26 周一,34°,26°,晴~多云,东南风2级,53 良
2022-09-27 周二,32°,26°,多云,东风3级,31 优
2022-09-28 周三,32°,27°,多云,东风4级,25 优
2022-09-29 周四,31°,27°,中雨~阵雨,东风3级,26 优
2022-09-30 周五,28°,26°,暴雨~阵雨,东南风3级,14 优

2022-10-01 周六,29°,26°,小雨~阵雨,东南风3级,19 优
2022-10-02 周日,32°,26°,多云,东南风3级,19 优
2022-10-03 周一,33°,26°,多云~晴,东南风2级,19 优
2022-10-04 周二,32°,26°,多云~阵雨,东南风2级,29 优
2022-10-05 周三,32°,25°,小雨~多云,东南风3级,34 优
2022-10-06 周四,31°,25°,多云~阵雨,东风3级,27 优
2022-10-07 周五,32°,25°,多云,东风2级,33 优
2022-10-08 周六,30°,25°,多云,东北风2级,38 优
2022-10-09 周日,30°,22°,多云,东北风3级,46 优
2022-10-10 周一,26°,19°,晴,东北风4级,38 优
2022-10-11 周二,27°,20°,晴,东北风3级,51 良
2022-10-12 周三,28°,21°,晴,东北风2级,48 优
2022-10-13 周四,29°,23°,多云~晴,东北风2级,50 优
2022-10-14 周五,30°,22°,晴,东北风2级,50 优
2022-10-15 周六,30°,25°,多云~晴,东北风3级,53 良
2022-10-16 周日,30°,23°,多云,北风3级,46 优
2022-10-17 周一,27°,18°,多云~阵雨,东北风4级,49 优
2022-10-18 周二,22°,17°,小雨~阵雨,东北风4级,58 良
2022-10-19 周三,24°,20°,多云,东北风3级,36 优
2022-10-20 周四,28°,22°,多云~晴,东风2级,42 优
2022-10-21 周五,30°,26°,晴,东南风2级,52 良
2022-10-22 周六,31°,23°,多云~阴,东北风2级,42 优
2022-10-23 周日,29°,24°,多云,东风2级,43 优
2022-10-24 周一,29°,21°,多云~晴,东南风3级,49 优
2022-10-25 周二,27°,20°,多云~晴,东风3级,44 优
2022-10-26 周三,28°,20°,多云~晴,东南风3级,41 优
2022-10-27 周四,29°,22°,晴,东南风2级,37 优
2022-10-28 周五,30°,22°,晴,东北风2级,46 优
2022-10-29 周六,28°,22°,多云~晴,东北风3级,46 优
2022-10-30 周日,27°,21°,多云,东北风4级,36 优
2022-10-31 周一,26°,22°,多云~阴,东北风4级,47 优

2022-11-01 周二,23°,18°,多云~阵雨,东北风5级,41 优
2022-11-02 周三,19°,18°,小雨~大雨,北风4级,18 优
2022-11-03 周四,22°,20°,小雨~阵雨,东北风3级,14 优
2022-11-04 周五,23°,20°,小雨~多云,东北风2级,32 优
2022-11-05 周六,22°,19°,多云~小雨,东北风2级,17 优
2022-11-06 周日,19°,18°,小雨,东北风2级,26 优
2022-11-07 周一,21°,19°,小雨~阴,东北风2级,17 优
2022-11-08 周二,23°,20°,多云~阴,东北风2级,21 优
2022-11-09 周三,27°,21°,多云,东北风2级,38 优
2022-11-10 周四,27°,21°,多云~晴,东南风1级,43 优
2022-11-11 周五,29°,22°,晴~多云,东南风2级,30 优
2022-11-12 周六,26°,21°,晴~多云,东南风2级,32 优
2022-11-13 周日,30°,21°,晴~多云,东南风2级,43 优
2022-11-14 周一,27°,22°,多云,东风2级,35 优
2022-11-15 周二,27°,22°,多云,东南风2级,43 优
2022-11-16 周三,27°,22°,多云~阴,东南风2级,37 优
2022-11-17 周四,27°,22°,多云,东南风2级,28 优
2022-11-18 周五,28°,22°,多云,东南风2级,33 优
2022-11-19 周六,29°,22°,多云~晴,东南风2级,42 优
2022-11-20 周日,29°,21°,晴~多云,东风2级,43 优
2022-11-21 周一,26°,22°,多云~阵雨,东风3级,38 优
2022-11-22 周二,25°,19°,多云~中雨,东风3级,27 优
2022-11-23 周三,24°,22°,小雨,东北风2级,16 优
2022-11-24 周四,24°,21°,小雨,东风2级,17 优
2022-11-25 周五,25°,21°,小雨,东北风2级,20 优
2022-11-26 周六,24°,22°,多云~阴,东北风2级,18 优
2022-11-27 周日,27°,23°,多云,东南风3级,33 优
2022-11-28 周一,29°,24°,雾~多云,东南风3级,21 优
2022-11-29 周二,30°,18°,多云,东南风2级,19 优
2022-11-30 周三,25°,11°,多云~阴,东北风3级,27 优

2022-12-01 周四,15°,11°,多云~阴,东北风3级,-
2022-12-02 周五,17°,13°,多云,北风3级,-
2022-12-03 周六,19°,16°,多云~阴,北风2级,-
2022-12-04 周日,21°,14°,多云~阴,东北风3级,-
2022-12-05 周一,17°,12°,多云,东北风4级,-
2022-12-06 周二,17°,15°,多云~阴,东北风3级,-
2022-12-07 周三,21°,13°,多云~晴,东北风2级,-
2022-12-08 周四,23°,13°,晴,北风2级,-
2022-12-09 周五,22°,14°,晴,北风3级,-
2022-12-10 周六,21°,13°,晴,东北风3级,-
2022-12-11 周日,17°,12°,多云,东北风3级,-
2022-12-12 周一,17°,12°,多云~阴,东北风4级,-
2022-12-13 周二,14°,11°,阴~阵雨,北风3级,-
2022-12-14 周三,12°,9°,小雨,东北风3级,-
2022-12-15 周四,14°,13°,小雨,东北风2级,-
2022-12-16 周五,16°,10°,小雨~多云,东北风2级,-
2022-12-17 周六,12°,6°,小雨~晴,东北风5级,-
2022-12-18 周日,13°,7°,晴,东北风4级,-
2022-12-19 周一,17°,10°,晴~多云,东北风2级,-
2022-12-20 周二,21°,12°,多云,东北风2级,-
2022-12-21 周三,19°,13°,多云~晴,东北风3级,-
2022-12-22 周四,21°,11°,多云~晴,东北风3级,-
2022-12-23 周五,21°,11°,多云~晴,东北风2级,-
2022-12-24 周六,21°,11°,晴,东北风2级,-
2022-12-25 周日,21°,12°,晴,东南风1级,-
2022-12-26 周一,21°,12°,晴,东风1级,-
2022-12-27 周二,21°,12°,晴,东风2级,-
2022-12-28 周三,20°,10°,多云~阴,东北风2级,-
2022-12-29 周四,17°,9°,多云~晴,东北风3级,-
2022-12-30 周五,16°,11°,多云~晴,东北风3级,-
2022-12-31 周六,18°,12°,晴~多云,东北风3级,46 优
